stitch_attrs::test_decompress_level_3,archivelib,0.2.0
y_coords::test_decompress_level_1,archivelib,0.2.0
y_coords::test_decompress_level_4,archivelib,0.2.0
y_coords::test_decompress_level_2,archivelib,0.2.0
y_coords::test_decompress_level_1,archivelib,0.2.0
verify::snapshot::tests::test_generate,ast-grep,0.12.1
kotlin::test_kotlin_str,ast-grep-language,0.12.1
css::test_css_pattern,ast-grep-language,0.12.1
go::test_go_str,ast-grep-language,0.12.1
integration_test::test_suppress_system_includes,autocxx-integration-tests,0.26.0
integration_test::test_defines_effective,autocxx-integration-tests,0.26.0
integration_test::test_ignore_va_list,autocxx-integration-tests,0.26.0
integration_test::test_two_subclasses,autocxx-integration-tests,0.26.0
integration_test::test_take_i32,autocxx-integration-tests,0.26.0
integration_test::test_ns_take_struct,autocxx-integration-tests,0.26.0
integration_test::test_conflicting_methods,autocxx-integration-tests,0.26.0
test_unsuccessful_program_with_external_dictionary_load_failure,b39wc,1.0.0
tests::it_works,bbhash,0.1.1
uint64::test::test_uint64_sha512_maj,bellperson-sha512,0.2.0
ringct::tests::test_ringct_sign,bls_ringct,1.1.2
shares_serialize_json::case_1_g1,blsful,2.4.0
versions_are_exact_and_match,cargo-dylint,2.4.0
rocksdb::tests::test_insert_batch_error,cita-database,0.5.1
solvers::ideal_semantics_solver::tests::test_with_certificate_hybrid,crustabri,1.0.0
dynamics::dynamic_preferred_semantics_solver::tests::test_wrong_witness,crustabri,1.0.0
test_complete_dc_1,crustabri,1.0.0
test_stage_se,crustabri,1.0.0
solvers::ideal_semantics_solver::tests::test_funnel_auxvar,crustabri,1.0.0
test_complete_dc_4,crustabri,1.0.0
skip_require_call_with_2_arguments,darklua,0.10.2
generator::test::token_based::binary::left_associative_wraps_left_operand_if_has_lower_precedence,darklua,0.10.2
generator::test::token_based::snapshots::number::number_0_005,darklua,0.10.2
rule_tests::remove_nil_declaration::remove_nil_declaration_with_readable_generator::assign_to_nil_and_call,darklua,0.10.2
generator::token_based::test::without_tokens::call_print_with_string_argument,darklua,0.10.2
rule_tests::rename_variables::rename_variables_with_token_based_generator::repeat_condition_is_from_block,darklua,0.10.2
rules::bundle::path_require_mode::module_definitions::test::test_total_lines::assign_with_binary_expression,darklua,0.10.2
generator::token_based::test::empty_do,darklua,0.10.2
rule_tests::compute_expression::compute_expression_with_dense_generator::if_expression_always_false_with_dead_branch_has_side_effects,darklua,0.10.2
rule_tests::remove_nil_declaration::remove_nil_declaration_with_readable_generator::assign_variadic_args_and_nil,darklua,0.10.2
generator::token_based::test::call_function_with_table_multiline,darklua,0.10.2
rule_tests::inject_value::inject_global_number_with_token_based_generator::inject_integer,darklua,0.10.2
parser::test::empty_generic_for_multiple_variables,darklua,0.10.2
token_based_generator::fuzz_medium_block,darklua,0.10.2
rule_tests::remove_compound_assignment::remove_compound_assignment_with_dense_generator::mod_identifier,darklua,0.10.2
parser::test::parse_with_tokens::assign_two_variables_with_two_values,darklua,0.10.2
rule_tests::inject_value::inject_global_nil_with_dense_generator::inject_nil_from_global_table_index,darklua,0.10.2
generator::test::dense::binary::right_associative_does_not_wrap_right_operand_if_unary,darklua,0.10.2
rule_tests::convert_require::convert_path_require_to_roblox_with_token_based_generator::module_nested_in_folder_from_parent,darklua,0.10.2
generator::token_based::test::local_empty_variadic_function,darklua,0.10.2
generator::test::dense::snapshots::local_assign::var_assign_to_false,darklua,0.10.2
rule_tests::convert_require::sourcemap::convert_multiple_sibling_modules_from_root_init_module,darklua,0.10.2
rule_tests::convert_index_to_field::convert_index_to_field_with_readable_generator::key_is_a_valid_identifier_with_number,darklua,0.10.2
rule_tests::convert_index_to_field::convert_index_to_field_with_dense_generator::assign_to_a_valid_identifier,darklua,0.10.2
rule_tests::convert_index_to_field::convert_index_to_field_with_readable_generator::call_function,darklua,0.10.2
parser::test::return_field_expression,darklua,0.10.2
apply_default_config_to_specific_file_and_output_to_directory,darklua,0.10.2
rule_tests::group_local_assignment::group_local_assignment_with_dense_generator::local_with_no_value_and_local_with_value,darklua,0.10.2
rule_tests::remove_comments::comment_after_semicolon,darklua,0.10.2
generator::token_based::test::without_tokens::assign,darklua,0.10.2
rule_tests::convert_require::convert_path_require_to_roblox_with_dense_generator::sibling_module_is_init_file_with_extension,darklua,0.10.2
rule_tests::rename_variables::rename_variables_and_functions_with_readable_generator::recycle_previous_identifiers,darklua,0.10.2
rule_tests::rename_variables::rename_variables_and_functions_with_dense_generator::local_assign_values_are_processed_first,darklua,0.10.2
generator::test::readable::snapshots::while_statement::empty,darklua,0.10.2
generator::token_based::test::without_tokens::return_parenthese_call,darklua,0.10.2
rule_tests::rename_variables::rename_variables_and_functions_with_dense_generator::local_assign_reference,darklua,0.10.2
secp256k1_recoverable_tests::signature_service,fastcrypto,0.1.6
secp256k1_tests::verify_valid_signature_default_hash,fastcrypto,0.1.6
parsing::tests::print_nodes_of_language,faster-beamer,0.1.7
tests::invalid_flags_test,groestlcoinconsensus,2.20.1-0.5.0
tests::sum_tree_tests::test_sum_tree_feature,grovedb,1.0.0-rc.1
operations::insert::tests::test_one_insert_item_cost_under_tree,grovedb,1.0.0-rc.1
tree::ops::test::simple_update,grovedb-merk,1.0.0-rc.1
proofs::query::test::right_edge_absence_verify,grovedb-merk,1.0.0-rc.1
merk::test::actual_deletes,grovedb-merk,1.0.0-rc.1
languages::sql::tests::grammar_loading,inkjet,0.8.0
languages::dockerfile::tests::grammar_loading,inkjet,0.8.0
test_put_del,libmdbx,0.3.5
model::tests::test_fit_bad_params,libmf,0.2.2
ln::chanmon_update_fail_tests::raa_no_response_awaiting_raa_state,lightning,0.0.116
ln::shutdown_tests::expect_channel_shutdown_state_with_htlc,lightning,0.0.116
routing::router::tests::disable_node_test,lightning,0.0.116
ln::channelmanager::tests::test_notify_limits,lightning,0.0.116
routing::router::tests::fees_on_mpp_route_test,lightning,0.0.116
ln::channel::tests::test_open_channel_msg_fee,lightning,0.0.116
ln::functional_tests::test_dup_events_on_peer_disconnect,lightning,0.0.116
offers::invoice_request::tests::parses_invoice_request_with_metadata,lightning,0.0.116
ln::outbound_payment::tests::fails_paying_after_expiration,lightning,0.0.116
utils::test::test_multi_node_hints_has_only_lowest_inbound_channel_above_minimum,lightning-invoice,0.24.0
test::get_limits_returns_empty_if_no_limits_in_namespace_disk_storage,limitador,0.5.0
test::get_counters_returns_empty_when_no_counters_in_namespace_with_async_redis,limitador,0.5.0
execute,oracle,0.5.7
timestamp_to_sql,oracle,0.5.7
test_bulk_load_graph,oxigraph,0.3.19
html::tests::test_can_load_grammar,pepegsitter,0.1.0
test_pdf_from_scratch,qpdf,0.1.6
check_version,rdkafka-sys,4.6.0+2.2.0
spaces::index::parameterized_sample_space_tensor::sample_element_deterministic,relearn,0.3.1
torch::modules::chain::tests::chained_mlp_gradient_descent::case_2_seq_serial,relearn,0.3.1
torch::packed::packed_tensor::trim_end_is_copy,relearn,0.3.1
torch::agents::features::tests::actions_batch_sizes_tensor,relearn,0.3.1
torch::agents::actor_critic::tests::learns_deterministic_bandit_values_gae::module_2::_policy_alg_2::value_target_2::device_2,relearn,0.3.1
spaces::indexed_type::feature_space::trit_one::tensor_features_out_nonzero,relearn,0.3.1
torch::tensors::exclusive::tests::array_view_mut,relearn,0.3.1
spaces::array::feature_space::batch_i2i3::tensor_batch_features_out_zeroed,relearn,0.3.1
torch::modules::ff::linear::tests::ser_de_matches::case_3_seq_packed,relearn,0.3.1
routing::scoring::tests::decays_persisted_liquidity_bounds,rgb-lightning,0.0.1
routing::router::tests::available_amount_while_routing_test,rgb-lightning,0.0.1
ln::functional_tests::bolt2_open_channel_sane_dust_limit,rgb-lightning,0.0.1
ln::functional_tests::holding_cell_htlc_counting,rgb-lightning,0.0.1
offers::offer::tests::builds_offer_with_supported_quantity,rgb-lightning,0.0.1
ln::functional_tests::test_update_add_htlc_bolt2_receiver_check_cltv_expiry,rgb-lightning,0.0.1
ln::shutdown_tests::test_upfront_shutdown_script,rgb-lightning,0.0.1
ln::msgs::tests::encoding_commitment_signed,rgb-lightning,0.0.1
offers::invoice_request::tests::fails_parsing_invoice_request_with_extra_tlv_records,rgb-lightning,0.0.1
open_cf,rocksdb,0.21.0
gte_eq,rustsat-tools,0.1.0
cnf_implications,rustsat-tools,0.1.0
constraint::eq_len_pt_line_d::tests::on_workplane,slvs,0.6.0
test_membership_final_broadcast_on_decision_catches_up_stragglers,sn_consensus,3.5.2
mvba::consensus::tests::prop_random_msg_delivery,sn_consensus,3.5.2
network_knowledge::section_tree::tests::proptest_section_tree_fields_should_stay_in_sync,sn_interface,0.22.4
network_knowledge::sections_dag::tests::test_partial_dag_for_genesis_key,sn_interface,0.22.4
messaging::signature_aggregator::tests::test_signature_aggregator,sn_interface,0.22.4
test_membership_interpreter_qc4,sn_membership,1.15.0
test_full_iterator,speedb,0.0.3
tensor_test,tch-tensor-like,0.6.0
tests::test_can_load_grammar,tree-sitter-foam,0.1.3
test_no_captures,tree-sitter-grep,0.1.0
test_java_auto_language,tree_sitter_lint_tree-sitter-grep,0.1.0
basic::vecx::test::test_last,vsdb,0.61.0
basic::vecx::test::test_insert,vsdb,0.61.0
basic::mapx_raw::test::test_first_last,vsdb_core,0.61.0
tests::caches_and_builder,weedb,0.1.1
