text,crate_name
AudioStream,cult
auto::gsl_block_char_struct,GSL-sys
auto::gsl_block_complex_float_struct,GSL-sys
auto::gsl_block_complex_long_double_struct,GSL-sys
auto::gsl_block_complex_struct,GSL-sys
auto::gsl_block_float_struct,GSL-sys
auto::gsl_block_int_struct,GSL-sys
auto::gsl_block_long_double_struct,GSL-sys
auto::gsl_block_long_struct,GSL-sys
auto::gsl_block_short_struct,GSL-sys
auto::gsl_block_struct,GSL-sys
auto::gsl_block_uchar_struct,GSL-sys
auto::gsl_block_uint_struct,GSL-sys
auto::gsl_block_ulong_struct,GSL-sys
auto::gsl_block_ushort_struct,GSL-sys
auto::gsl_bspline_workspace,GSL-sys
auto::gsl_cheb_series_struct,GSL-sys
auto::gsl_eigen_francis_workspace,GSL-sys
auto::gsl_eigen_gen_workspace,GSL-sys
auto::gsl_eigen_genherm_workspace,GSL-sys
auto::gsl_eigen_genhermv_workspace,GSL-sys
auto::gsl_eigen_gensymm_workspace,GSL-sys
auto::gsl_eigen_gensymmv_workspace,GSL-sys
auto::gsl_eigen_genv_workspace,GSL-sys
auto::gsl_eigen_herm_workspace,GSL-sys
auto::gsl_eigen_hermv_workspace,GSL-sys
auto::gsl_eigen_nonsymmv_workspace,GSL-sys
auto::gsl_eigen_symm_workspace,GSL-sys
auto::gsl_eigen_symmv_workspace,GSL-sys
auto::gsl_fft_complex_workspace,GSL-sys
auto::gsl_fft_complex_workspace_float,GSL-sys
auto::gsl_fft_halfcomplex_wavetable,GSL-sys
auto::gsl_fft_halfcomplex_wavetable_float,GSL-sys
auto::gsl_fft_real_wavetable,GSL-sys
auto::gsl_fft_real_wavetable_float,GSL-sys
auto::gsl_fft_real_workspace,GSL-sys
auto::gsl_fft_real_workspace_float,GSL-sys
auto::gsl_histogram_pdf,GSL-sys
auto::gsl_histogram2d,GSL-sys
auto::gsl_histogram2d_pdf,GSL-sys
auto::gsl_ieee_double_rep,GSL-sys
auto::gsl_ieee_float_rep,GSL-sys
auto::gsl_integration_cquad_workspace,GSL-sys
auto::gsl_integration_fixed_type,GSL-sys
auto::gsl_integration_fixed_type,GSL-sys
auto::gsl_integration_fixed_workspace,GSL-sys
auto::gsl_integration_glfixed_table,GSL-sys
auto::gsl_integration_qawo_table,GSL-sys
auto::gsl_integration_qaws_table,GSL-sys
auto::gsl_interp,GSL-sys
auto::gsl_interp_type,GSL-sys
auto::gsl_interp_type,GSL-sys
auto::gsl_interp2d,GSL-sys
auto::gsl_interp2d_type,GSL-sys
auto::gsl_interp2d_type,GSL-sys
auto::gsl_min_fminimizer,GSL-sys
auto::gsl_min_fminimizer_type,GSL-sys
auto::gsl_min_fminimizer_type,GSL-sys
auto::gsl_monte_miser_state,GSL-sys
auto::gsl_monte_plain_state,GSL-sys
auto::gsl_monte_vegas_state,GSL-sys
auto::gsl_multifit_fdfridge,GSL-sys
auto::gsl_multifit_fdfsolver_type,GSL-sys
auto::gsl_multifit_fdfsolver_type,GSL-sys
auto::gsl_multifit_fsolver,GSL-sys
auto::gsl_multifit_fsolver_type,GSL-sys
auto::gsl_multifit_function_struct,GSL-sys
auto::gsl_multifit_linear_workspace,GSL-sys
auto::gsl_multifit_nlinear_fdf,GSL-sys
auto::gsl_multifit_nlinear_parameters,GSL-sys
auto::gsl_multifit_nlinear_scale,GSL-sys
auto::gsl_multifit_nlinear_solver,GSL-sys
auto::gsl_multifit_nlinear_trs,GSL-sys
auto::gsl_multifit_nlinear_type,GSL-sys
auto::gsl_multifit_nlinear_type,GSL-sys
auto::gsl_multifit_nlinear_workspace,GSL-sys
auto::gsl_multifit_robust_stats,GSL-sys
auto::gsl_multifit_robust_type,GSL-sys
auto::gsl_multifit_robust_type,GSL-sys
auto::gsl_multifit_robust_workspace,GSL-sys
auto::gsl_multimin_fdfminimizer,GSL-sys
auto::gsl_multimin_fdfminimizer_type,GSL-sys
auto::gsl_multimin_fdfminimizer_type,GSL-sys
auto::gsl_multimin_fminimizer,GSL-sys
auto::gsl_multimin_fminimizer_type,GSL-sys
auto::gsl_multimin_fminimizer_type,GSL-sys
auto::gsl_multimin_function_fdf_struct,GSL-sys
auto::gsl_multimin_function_struct,GSL-sys
auto::gsl_multiroot_fdfsolver,GSL-sys
auto::gsl_multiroot_fdfsolver_type,GSL-sys
auto::gsl_multiroot_fdfsolver_type,GSL-sys
auto::gsl_multiroot_fsolver,GSL-sys
auto::gsl_multiroot_fsolver_type,GSL-sys
auto::gsl_multiroot_fsolver_type,GSL-sys
auto::gsl_multiroot_function_fdf_struct,GSL-sys
auto::gsl_odeiv_control,GSL-sys
auto::gsl_odeiv_control_type,GSL-sys
auto::gsl_odeiv_evolve,GSL-sys
auto::gsl_odeiv_step,GSL-sys
auto::gsl_odeiv_step_type,GSL-sys
auto::gsl_odeiv_step_type,GSL-sys
auto::gsl_odeiv_system,GSL-sys
auto::gsl_odeiv2_control_struct,GSL-sys
auto::gsl_odeiv2_control_type,GSL-sys
auto::gsl_odeiv2_driver_struct,GSL-sys
auto::gsl_odeiv2_evolve_struct,GSL-sys
auto::gsl_odeiv2_step_struct,GSL-sys
auto::gsl_odeiv2_step_type,GSL-sys
auto::gsl_odeiv2_step_type,GSL-sys
auto::gsl_poly_complex_workspace,GSL-sys
auto::gsl_qrng,GSL-sys
auto::gsl_qrng_type,GSL-sys
auto::gsl_qrng_type,GSL-sys
auto::gsl_ran_discrete_t,GSL-sys
auto::gsl_rng,GSL-sys
auto::gsl_root_fdfsolver,GSL-sys
auto::gsl_root_fdfsolver_type,GSL-sys
auto::gsl_root_fdfsolver_type,GSL-sys
auto::gsl_root_fsolver,GSL-sys
auto::gsl_root_fsolver_type,GSL-sys
auto::gsl_root_fsolver_type,GSL-sys
auto::gsl_rstat_quantile_workspace,GSL-sys
auto::gsl_rstat_workspace,GSL-sys
auto::gsl_sf_mathieu_workspace,GSL-sys
auto::gsl_siman_params_t,GSL-sys
auto::gsl_splinalg_itersolve,GSL-sys
auto::gsl_splinalg_itersolve_type,GSL-sys
auto::gsl_splinalg_itersolve_type,GSL-sys
auto::gsl_spline,GSL-sys
auto::gsl_spline2d,GSL-sys
auto::gsl_spmatrix,GSL-sys
auto::gsl_spmatrix_char,GSL-sys
auto::gsl_spmatrix_complex,GSL-sys
auto::gsl_spmatrix_complex_float,GSL-sys
auto::gsl_spmatrix_complex_long_double,GSL-sys
auto::gsl_spmatrix_float,GSL-sys
auto::gsl_spmatrix_int,GSL-sys
auto::gsl_spmatrix_long,GSL-sys
auto::gsl_spmatrix_long_double,GSL-sys
auto::gsl_spmatrix_short,GSL-sys
auto::gsl_spmatrix_uchar,GSL-sys
auto::gsl_spmatrix_uint,GSL-sys
auto::gsl_spmatrix_ulong,GSL-sys
auto::gsl_spmatrix_ushort,GSL-sys
auto::gsl_wavelet,GSL-sys
auto::gsl_wavelet_type,GSL-sys
auto::gsl_wavelet_type,GSL-sys
auto::gsl_wavelet_workspace,GSL-sys
BerElement,openldap
binding::zft,onload
binding::zftl,onload
binding::zfur,onload
binding::zfut,onload
bindings_ecdh::ASN1_ITEM_st,ecdh
bindings_ecdh::asn1_pctx_st,ecdh
bindings_ecdh::ASN1_VALUE_st,ecdh
bindings_ecdh::bignum_ctx,ecdh
bindings_ecdh::bn_blinding_st,ecdh
bindings_ecdh::conf_st,ecdh
bindings_ecdh::ec_group_st,ecdh
bindings_ecdh::ec_key_st,ecdh
bindings_ecdh::ec_method_st,ecdh
bindings_ecdh::ec_point_st,ecdh
bindings_ecdh::ecdh_method,ecdh
bindings_ecdh::evp_cipher_st,ecdh
bindings_ecdh::evp_pkey_st,ecdh
bindings_ecdh::hostent,ecdh
bindings_ecdh::st_CRYPTO_EX_DATA_IMPL,ecdh
bindings_ecdh::v3_ext_ctx,ecdh
bindings_ecdh::x509_st,ecdh
bindings_sha::SHA512state_st,ecdh
bindings::avahi::types::AvahiAddress,multicast_dns
bindings::avahi::types::AvahiEntryGroup,multicast_dns
bindings::avahi::types::AvahiPoll,multicast_dns
bindings::avahi::types::AvahiServiceResolver,multicast_dns
bindings::avahi::types::AvahiSimplePoll,multicast_dns
bindings::avahi::types::AvahiStringList,multicast_dns
bindings::avahi::types::AvahiThreadedPoll,multicast_dns
bindings::OpenSlideT,openslide-rs
bindings::ssl_data_private,rusty_libimobiledevice
"block::Block<(), ()>",virtualization-rs
chrono::DateTime<chrono::Utc>,cosmic-hyperspace
clib::pcap,libpcap
codegen::v128::f32x4,packed_simd_2
codegen::v128::f64x2,packed_simd_2
codegen::v128::u128x1,packed_simd_2
codegen::v128::u16x8,packed_simd_2
codegen::v128::u32x4,packed_simd_2
codegen::v128::u64x2,packed_simd_2
codegen::v128::u8x16,packed_simd_2
codegen::v16::u8x2,packed_simd_2
codegen::v256::f32x8,packed_simd_2
codegen::v256::f64x4,packed_simd_2
codegen::v256::u128x2,packed_simd_2
codegen::v256::u16x16,packed_simd_2
codegen::v256::u32x8,packed_simd_2
codegen::v256::u64x4,packed_simd_2
codegen::v256::u8x32,packed_simd_2
codegen::v32::u16x2,packed_simd_2
codegen::v32::u8x4,packed_simd_2
codegen::v512::f32x16,packed_simd_2
codegen::v512::f64x8,packed_simd_2
codegen::v512::u128x4,packed_simd_2
codegen::v512::u16x32,packed_simd_2
codegen::v512::u32x16,packed_simd_2
codegen::v512::u64x8,packed_simd_2
codegen::v512::u8x64,packed_simd_2
codegen::v64::f32x2,packed_simd_2
codegen::v64::u16x4,packed_simd_2
codegen::v64::u32x2,packed_simd_2
codegen::v64::u8x8,packed_simd_2
connect::sys::virConnect,virt
core::any::TypeId,cursed
core::option::Option<*mut core::task::Context<'_>>,pen-ffi
cosmic_space::loc::Uuid,cosmic-macros
cosmic_space::particle::Details,mechtron
cosmic_space::wasm::Timestamp,cosmic-macros
domain_snapshot::sys::virDomainSnapshot,virt
domain::sys::virDomain,virt
external_types::crossbeam_channel::errors::RRecvError,abi_stable
ffi::_azac_empty,cognitive-services-speech-sdk-rs
ffi::command::JsonnetVm,jsonnet
ffi::FMOD_CHANNEL,fmod
ffi::FMOD_CHANNELGROUP,fmod
ffi::FMOD_DSP,fmod
ffi::FMOD_DSPCONNECTION,fmod
ffi::FMOD_GEOMETRY,fmod
ffi::FMOD_REVERB,fmod
ffi::FMOD_SOUND,fmod
ffi::FMOD_SOUNDGROUP,fmod
ffi::FMOD_SYNCPOINT,fmod
ffi::FMOD_SYSTEM,fmod
ffi::lua_State,flu
ffi::root::agora::rtm::IRtmServiceEventHandler__bindgen_vtable,agora-rtm-sdk
fuse::FuseBufFlags,rusfuse
fuse::FuseReq,rusfuse
fuse::FuseSession,rusfuse
glx::__GLXcontextRec,x11
glx::__GLXFBConfigRec,x11
GRBenv,gurobi-sys
GRBmodel,gurobi-sys
hooks::Hook,skyline
imagequant::attr::Attributes,pngquant
imagequant::image::Image<'_>,pngquant
InnerHandle<()>,ez_audio
Input,mouse_automation
interface::sys::virInterface,virt
internal::CInt,protobuf-native
JoystickState,monotron-app
LDAP,openldap
LDAPControl,openldap
LDAPMessage,openldap
libc::open_how,uring-sys2
library::c_abi_testing::types::MyUnit,abi_stable
libusb::libusb_context,usb
libusb::libusb_device,usb
libusb::libusb_device_handle,usb
loc::Uuid,cosmic-space
lua_State,lua52-sys
marker_type::NotCopyNotClone,abi_stable
"marker_type::UnsafeIgnoredType<std::collections::hash_map::OccupiedEntry<'_, K, V>>",abi_stable
"marker_type::UnsafeIgnoredType<std::collections::hash_map::VacantEntry<'_, K, V>>",abi_stable
mech_core::Table,mech-math
message::MessageVTable,elfo-core
mpc_c_types::mpc_parser_t,mpc
mtbl_fileset,mtbl-sys
mtbl_fileset_options,mtbl-sys
mtbl_iter,mtbl-sys
mtbl_merger,mtbl-sys
mtbl_merger_options,mtbl-sys
mtbl_metadata,mtbl-sys
mtbl_reader,mtbl-sys
mtbl_reader_options,mtbl-sys
mtbl_sorter,mtbl-sys
mtbl_sorter_options,mtbl-sys
mtbl_source,mtbl-sys
mtbl_writer,mtbl-sys
mtbl_writer_options,mtbl-sys
napi_env__,node_api_system
nature_common::ConverterReturned,nature_demo_executor
nature::domain::ConverterReturned,nature-demo
network::sys::virNetwork,virt
nodedev::sys::virNodeDevice,virt
nwfilter::sys::virNWFilter,virt
oasis_types::ExtStatusCode,oasis-std
oasis_types::ExtStatusCode,oasis-test
parse::FractalModel,axe_fx_midi
rax,rax
raxIterator,rax
redis::raw::RedisModuleCallReply,redis-cell
redis::raw::RedisModuleCtx,redis-cell
redis::raw::RedisModuleCtx,redis-cell
redis::raw::RedisModuleKey,redis-cell
redis::raw::RedisModuleString,redis-cell
redis::raw::ReplyType,redis-cell
redis::raw::Status,redis-cell
redis::raw::Status,redis-cell
redis::raw::Status,redis-cell
Registration,head-empty
registry::Mechanism,rsasl
Scope,thorin
secret::sys::virSecret,virt
soroban_env_common::Object,soroban-env-guest
soroban_env_common::Status,soroban-env-guest
soroban_env_common::Symbol,soroban-env-guest
std::arch::x86_64::__m128,lucet-runtime-internals
std::arch::x86_64::__m128d,sleef-trig-sys
std::arch::x86_64::__m256d,sleef-trig-sys
std::boxed::Box<tokio::runtime::Handle>,dittolive-ditto-sys
"std::collections::HashMap<std::string::String, DerivedType>",thorin
std::ffi::CString,palombe
std::marker::PhantomPinned,wasmtime-runtime
std::option::Option<ladspa::PluginDescriptor>,ladspa_noisecoring
std::option::Option<PluginDescriptor>,ladspa
std::option::Option<safer_ffi::boxed::slice_boxed<u8>>,dittolive-ditto-sys
std::option::Option<safer_ffi::boxed::slice_boxed<usize>>,dittolive-ditto-sys
"std::option::Option<safer_ffi::slice::slice_ref<'_, u8>>",dittolive-ditto-sys
std::option::Option<safer_ffi::String>,dittolive-ditto-sys
std::option::Option<safer_ffi::Vec<ffi_sdk::ffi_utils::repr_c::Box<ffi_sdk::Document>>>,dittolive-ditto
std::option::Option<safer_ffi::Vec<ffi_utils::repr_c::Box<Document>>>,dittolive-ditto-sys
std::option::Option<safer_ffi::Vec<safer_ffi::boxed::slice_boxed<u8>>>,dittolive-ditto-sys
std::option::Option<safer_ffi::Vec<safer_ffi::char_p::char_p_boxed>>,dittolive-ditto-sys
"std::result::Result<(), Error>",numpress
"std::result::Result<(), solana_sdk::instruction::InstructionError>",solana-vest-program
"std::result::Result<(), solana_sdk::native_program::ProgramError>",solana-lualoader
"std::result::Result<(), std::boxed::Box<dyn std::error::Error>>",rustpak
"std::result::Result<(), std::fmt::Error>",asn1_der
"std::result::Result<(), std::io::Error>",range-encoding
"std::result::Result<&mut lib::Pak<'_>, std::boxed::Box<dyn std::error::Error>>",rustpak
"std::result::Result<i32, std::io::Error>",range-encoding
"std::result::Result<lib::Pak<'_>, std::boxed::Box<dyn std::error::Error>>",rustpak
"std::result::Result<nature_common::Instance, nature_common::NatureError>",nature_demo_executor
"std::result::Result<nature::domain::Instance, nature::domain::NatureError>",nature_integrate_test_executor
"std::result::Result<std::sync::Arc<dyn Guest>, err::GuestErr>",mechtron
"std::result::Result<std::vec::Vec<nature_common::Instance>, nature_common::NatureError>",nature_demo_executor
"std::result::Result<std::vec::Vec<nature::domain::Instance>, nature::domain::NatureError>",nature_integrate_test_executor
"std::result::Result<u64, std::string::String>",nvml-rs
"std::result::Result<u8, std::io::Error>",range-encoding
"std::result::Result<usize, Error>",numpress
"std::simd::Simd<i8, 16>",applevisor-sys
std::string::String,mesh-portal-versions
std::string::String,rustpak
std::sync::Arc<tokio::runtime::Runtime>,dittolive-ditto-sys
std::sync::Mutex<u8>,linkbot
"std::vec::Vec<(std::string::String, mech_core::Table)>",mech-math
std::vec::Vec<&str>,cpp_regexp
std::vec::Vec<std::string::String>,cxx-demo
std::vec::Vec<std::vec::Vec<u8>>,mp4decrypt
std::vec::Vec<u8>,mp4decrypt
std::vec::Vec<u8>,axe_fx_midi
storage_pool::sys::virStoragePool,virt
storage_vol::sys::virStorageVol,virt
stream::sys::virStream,virt
subtle::Choice,sidh
SweepDevice,libsweep
SweepError,libsweep
SweepScan,libsweep
td_rlua::lua_State,luacjson
tectonic_bridge_core::CoreBridgeState<'_>,tectonic_engine_bibtex
types::ImportedMemoryIndex,wasmer-runtime-core-near
types::LocalMemoryIndex,wasmer-runtime-core-fl
types::LocalTableIndex,wasmer-runtime-core-fl
units::Pages,wasmer-runtime-core-near
vk::MemoryRequirements2KHR,duku
wasm::Timestamp,cosmic-space
wow_t,wow-rs
xlib_xcb::XEventQueueOwner,x11
xlib::_XcmsCCC,x11nas
xlib::_XcmsColorSpace,x11
xlib::_XcmsFunctionSet,x11nas
xlib::_XkbAction,x11
xlib::_XkbBounds,x11nas
xlib::_XkbChanges,x11
xlib::_XkbColor,x11
xlib::_XkbComponentList,x11nas
xlib::_XkbComponentNames,x11
xlib::_XkbControls,x11nas
xlib::_XkbControlsChanges,x11nas
xlib::_XkbControlsNotify,x11nas
xlib::_XkbDeviceChanges,x11
xlib::_XkbDeviceInfo,x11nas
xlib::_XkbDeviceLedInfo,x11nas
xlib::_XkbDoodad,x11
xlib::_XkbExtensionDeviceNotify,x11nas
xlib::_XkbGeometry,x11nas
xlib::_XkbGeometrySizes,x11nas
xlib::_XkbIndicatorMapRec,x11nas
xlib::_XkbKey,x11nas
xlib::_XkbKeyType,x11
xlib::_XkbMapChanges,x11
xlib::_XkbNameChanges,x11
xlib::_XkbNamesNotify,x11nas
xlib::_XkbOutline,x11
xlib::_XkbOverlay,x11
xlib::_XkbOverlayKey,x11nas
xlib::_XkbOverlayRow,x11nas
xlib::_XkbProperty,x11
xlib::_XkbRow,x11
xlib::_XkbSection,x11nas
xlib::_XkbServerMapRec,x11
xlib::_XkbShape,x11nas
xlib::XcmsColor,x11nas
xmu::_AtomRec,x11nas
xmu::_AtomRec,x11nas
xmu::_XmuArea,x11
xmu::_XmuDisplayQueue,x11nas
xmu::_XmuDisplayQueueEntry,x11
xmu::_XmuScanline,x11nas
xmu::_XmuSegment,x11nas
xmu::_XmuWidgetNode,x11nas
xrandr::XRRScreenConfiguration,x11
xt::_TranslationData,x11nas
xt::_WidgetClassRec,x11
xt::_WidgetRec,x11
xt::_XtActionsRec,x11nas
xt::_XtAppStruct,x11
xt::_XtCallbackRec,x11
xt::_XtCheckpointTokenRec,x11
xt::_XtResource,x11
xt::Arg,x11nas
xt::SubstitutionRec,x11
xt::XtConvertArgRec,x11
xt::XtWidgetGeometry,x11nas
zsplg_core::FFIResult,zsplg
zsplg_core::Object,zsplg
