wasm-service-oauth,0.2.0
solscan-api,0.1.2
gitbranch,0.1.6
skull,0.0.0
skitty,0.1.0
skora,0.1.0
easy-oop,0.0.0
ruspiro-lock,0.5.0
konj,0.1.0
hivemind,0.0.0
aht10,0.0.1
cbor_enhanced_derive_protocol,0.1.1
nuklear-rust,0.6.3
vat_jp,0.1.2
rplc_opcua,0.12.1
mncalc,0.1.0
holochain_conductor_lib_api,0.0.52-alpha2
confusion_matrix,1.0.0
duniter-crypto,0.2.0-a0.1-deprecated
yary,0.1.1
protoc-bin-vendored,3.0.0
geohashing,0.1.0
framing_sv2,0.1.4
p0f_api,0.1.2
imposter-pass,0.3.0
candidateparser,0.2.0
pirate,1.0.0
xurdf,0.2.1
gears,0.1.7
tinynn,0.1.0
dip,0.2.1
comppkgsup-sys,0.0.1
shogi_official_kifu,0.1.2
bucket_vec,0.8.0
trait_adapters_macros,0.1.0
duktape_ffi_raw,2.30.0
rumbrella-rdk-net-ip-tcp,0.1.0
carbide_controls,0.70.1
mine-clone,0.1.0
rocket_oauth2,0.5.0-rc.2
actl,1.0.1
evmdasm,0.1.1
acute_particles,0.1.0
subxt-cli,0.29.0
mangling,0.2.3
spl-account-compression,0.1.10
portfolio,0.0.0
hilbert16,0.1.0
font-awesome,0.2.0
adiantum,0.0.0
propfuzz-macro,0.0.1
unite,0.1.2
rs_infras,0.1.5
mtx-sys,0.0.1
harbor_rs,0.1.3
cosmos_gravity_bridge,0.1.0
oxideyezer,0.1.0
cerk_port_mqtt,0.2.11
tele_visit,0.2.0
histo,1.0.0
atsame54n,0.12.0
puzz-route,0.1.0
tan_lsp,0.5.0
ssccpp,0.1.0
futures-stream-select-all,0.1.2
yew-ansi,0.1.0
rrt0,0.3.1
dazzle,0.1.0
fn-fixture,1.0.2
template,0.1.0
thread_tryjoin,0.3.0
weibo,0.1.0
rustee,0.1.0
rcron,1.2.2
ddlog-lsp,0.0.0
yolo-labels,0.5.0
hitbox,0.1.1
nalgebra_linsys,0.1.1
emver,0.1.6
cranky,0.1.0
rabbot-plugin,0.1.0
css-purify,0.0.15
currency-token-client,0.1.3
vapcore-clique,0.1.0
siiir_modular_power,1.0.7
tdlib-bindgen,0.3.0
mrkl,0.0.4
vapcore-db,0.1.0
vvm,0.1.0
tower-limit,0.1.3
ipv4-display,0.2.1
airtable-flows,0.1.9
ferrishook,2.0.1
ferrischart,0.1.0
reusable_lexer,0.1.0
ipwatch,0.1.0
astree,0.2.7
webstool,0.1.3
rust_hdl_private_macros,0.44.0
rtm-schema,0.0.3
git-shortcuts,0.1.1-rc0
litetokens,0.0.0
feom,0.1.0
erlang_nif-sys,0.6.4
ferio,0.1.0
default_macro,0.2.1
feos-gc-pcsaft,0.1.1
fera-ext,0.2.0
inflect,0.1.0
serde_v2,0.1.0
mqtterminal-server,0.1.0
slicevec,0.1.1
nibb,0.0.1
soapysdr-sys,0.7.5
ip_api,0.1.3
mimeograph_router_codegen,0.5.1
libflo_func,0.1.2
google-apikeys2-cli,3.1.0+20220305
google-analyticsdata1_beta-cli,3.1.0+20220303
fibers_inotify,0.1.2
wasm-custom-section,0.1.1
noble-example,2.0.0
google-baremetalsolution2-cli,3.1.0+20220209
json-feed-model,0.2.0
yew_audio,0.1.2
is_thirteen_rs,0.1.0
fgbase,0.0.1
periodic-elements,1.0.0
cardinal-rental-counter,0.0.16
card_deck,0.1.9
google-binaryauthorization1_beta1,5.0.2+20230113
caring,0.3.0
fil_actor_evm,99.99.99
fiber,0.1.0
profile,0.1.1
which,4.4.0
oasis-types,0.4.0
tcg-dice,0.0.0
fibers_tasque,0.1.2
strawpoll,0.2.3
fields-of-mars,1.0.0
fido2,0.0.0
fftw3,0.0.2
oskr,1.0.0-rc.5
hyperion,0.0.0
fievar,0.2.0
aki-mcycle,0.1.28
openai-gpt-client,0.0.0
irmaseal-cli,0.1.4
fifo,0.2.0
figyel_grrs_0001,0.1.0
web_worker,0.3.0
holochain_tracing_macros,0.0.24
disma,0.11.3
fii-id,1.4.0
figfont,0.1.1
rusoto_mturk,0.48.0
glacier,0.0.1
binary-helper,0.2.3
ehuss-test2,0.1.5
actix-generator,0.4.4
kschoonme-identity-pb,1.0.0
supermemo2,1.0.3
rusty_hausdorff,0.2.0
slog_kmsg,0.1.2
etopa,0.0.0
homophones,1.0.1
firespine,0.1.3
es_runtime,0.1.4
wecs,0.1.2
wecs-core,0.1.2
wecs-derive,0.1.2
niobium,0.0.0
tinysearch-cuckoofilter,0.4.1
breda-key-value-store-lmdb,0.0.0
lmbr_sys,0.1.0
tin-summer,1.21.14
hlocl,0.1.0
lookout,0.1.1
dioxus-sortable,0.1.1
fil-sapling-crypto,0.7.0
mcnbt,0.1.0
fieldfilter,0.1.0
fieldwise,0.1.0
ji_cloud_shared,0.1.0
gprl-lib-demo,0.1.2
fake-static,0.1.0
google-replicapoolupdater1_beta1-cli,3.0.0+20161003
hike,0.1.2
kernal,0.2.0
sidh,0.2.3
ovr-evm-precompile-blake2,2.0.0
r2d2-influxdb,0.1.0
screenshoter,0.1.1
items,0.1.0
kanameshiki-sys,0.1.0
google-resourceviews1_beta2-cli,3.0.0+20160512
libmedium,0.7.0
bevy_ui_builder,0.1.0
folketinget-api-models,0.2.0
pkgar-repo,0.1.11
price-rs,0.0.1
idocker,0.1.0
tofuri-api-internal,0.1.0
zsession,0.0.0
emojisum,0.0.1
rust-stemmers,1.2.0
simple-bind,0.1.6
config-spirit-fork,0.1.0
nondestructive,0.0.17
makepad-micro-serde-derive,0.3.0
wasmer-clif-fork-simplejit,0.59.0
vodka,0.1.0
ouverture-ui,0.1.0
genee,0.6.0
overflower,0.4.6
otter-wasm,1.2.1
tofuri-api,0.1.0
google-servicebroker1,5.0.2+20190624
jaegercat,0.1.1
vfsops,0.1.1
helge,2.0.0
unicode-case-mapping,0.5.0
nu_plugin_binaryview,0.44.0
cargo-set-rust-version,0.5.0
skylight,0.0.0
google-storagetransfer1-cli,3.1.0+20220223
ja,0.1.2
crypto-price-cli,0.1.2
scribe,0.7.2
google-servicedirectory1-cli,3.1.0+20220224
serde_clj,0.1.1
lens-rs_derive,0.3.2
kissfft-sys,0.1.0
google-servicecontrol1,5.0.2+20230106
nu-serde,0.44.0
url_encoded_data,0.6.1
jingo-lib,0.0.0
google-surveys2-cli,3.1.0+20180508
jinshu,0.1.0
f1_game_telemetry,0.1.1
racer-interner,0.1.0
libheif,0.1.1
uselog-rs,0.3.0
melminter-mod,0.8.12
offstage,0.1.1
git-smash,0.1.0
tetsy-version,2.7.2
rt3conf,0.1.0
asu,0.1.33
gex_sys_build_parse_mak,0.1.0
smash-lvd,0.4.0
mezzenger-rpc,0.0.0
hyperbuild,0.2.4
vblk,0.1.2
facepalm,0.1.0
lightproc,0.3.6-alpha.0
geoclue,0.3.0
quote_into,0.2.0
google-texttospeech1,5.0.2+20230118
chomatter_cli,0.0.4
jnino,0.1.1
redux-rs,0.3.3
energy-monitor,0.2.1
xous-semver,0.1.2
sion-rs,0.1.1
oxygen_photon,0.0.5
brioche-ducc,0.1.2-brioche
curly_derive,0.0.1
oxidauth-http,0.1.0
tinkoff-invest-api,0.2.3
buildkite,0.1.0
passivized_test_support,0.0.9
e-cat,0.0.0
mccs-db,0.2.0
normalize-path,0.2.1
ns-env-config,0.1.0
plotfx,0.1.0
rvue,0.1.0
ethereum-trie-rocksdb,0.5.0
ntlanman-sys,0.0.1
dcc-tiler,0.1.2
glhelpe6,0.1.7
sha3sum,1.2.2
ntstc_msvcrt-sys,0.0.1
gh-labelx,0.1.1
calendar_calculator,0.3.0
hermit-sys,0.5.1
mini-functions,0.0.7
gentex,0.0.1
joker_calculus,0.10.0
llvm-passgen,0.4.0
runny,1.2.5
jit_rs,0.1.3
ggp-rs,0.1.2
fugue-fp,0.2.2
json-fmt,0.2.1
hamming-lsh,0.3.2
algorithmica,0.1.9
cw721-base-terra,0.9.3
joker,0.0.5
higher-cat,0.1.1
joke,0.0.0
pekzep_numeral,0.2.0
ripemd,0.1.3
cap-standards,0.2.0
dwt-systick-monotonic,1.1.0
blade-egui,0.1.0
im_ternary_tree,0.0.11
hamming-dict,0.5.0
algorithmia-entrypoint,0.1.0
catboost,0.0.0
pravega-client,0.3.2
etcommon-hash,0.1.1
meshopt,0.1.9
intervals-general,0.1.0
completion-io,0.2.0
lfchring,0.1.3
comp_state,0.2.8
libdatadog,0.1.0
equt-md-frontmatter,0.1.1
dd-trace-rust,0.0.0
embedded-profiling-proc-macros,0.2.0
mycalc,0.0.0
seed-xor,0.2.0
serde_eetf,0.2.0
gkosgrep,0.1.10
pjlink,0.2.0
doomdooz,0.1.0
isbnid,0.1.3
deversion,0.1.0
proxy-wasm-experimental,0.0.8
image-similarity,0.1.5
mathf,0.1.16
israelmuca-hello-world,0.1.0
salak,0.14.1
gazpatcho,1.4.2
mutex-watersheds,0.1.1
phpup,0.1.8
error-utils-derive,0.1.3
ansi-escape-codes,0.1.0
snafu-upgrade-assistant,1.0.0
pix-br,0.1.0
parser-combinators,0.7.1
spoa,0.1.1
is-sus,1.0.0
cronos-scheduler,0.2.0
its-client,1.4.0
spinifex-unsigned-varint,0.2.2
mutiny,0.2.0
oxygen_quark_derive,0.0.2
git-quote,0.4.2
nairud,0.5.12
hellogauges,0.1.0
ansible-vault,0.2.1
jumpconsistenthash,0.1.0
doc-test,0.1.0
wslpath2,0.1.1
generate-bags,21.0.0
noria-dataflow,0.6.0
ascii,1.1.0
dotrix_terrain,0.5.0
treeedb-rust,0.1.0-rc.5
serde-protobuf,0.8.2
tcs3472,0.2.0
causality,0.2.0
honeycomb,0.1.4
coppers,0.1.1
elm-solve-deps,0.1.1
c_macros,0.1.1
pktwasm,0.1.3
cosmwasm-rbac,0.1.5
jsonxs,0.0.1
automl,0.2.7
unarray,0.1.4
guitar,0.1.1
clubstatusd,0.4.1
haversiner,0.3.0
ppserver,0.2.2
ncu-rs,0.2.0
localtunnel-cli,0.0.3
df_st_world_sites_and_pops,0.3.0-development-2
van-core,0.2.1
substrate-state-trie-migration-rpc,20.0.0
sc-consensus-babe,0.27.0
cargolifter-web,0.2.0
opus-mux,0.1.1
ci-detective,0.1.0
sgx_demangle,1.1.1
rxdp,0.3.1
tonal,0.1.3
ord-liblmdb-sys,0.2.3
on,0.0.0
hathor,0.1.0
disarray-network,0.1.20
hex-magic,0.0.2
rack-authorship,0.0.0
algonaut_did,0.0.1
async-metronome,0.2.0
tchannel_rs,0.0.2
treasure,0.1.0
pwchecker-rs,0.1.5
s2client,0.1.0
tcy_my_crate,0.1.0
xkbcommon-sys,1.4.1
otter-solana-verify,1.0.2
example_crate_with_settings,0.0.7
crate-settings,0.0.7
libqaul-types,0.1.0
hostsmod,0.2.2
env-watcher,0.1.0
from_error_scope,0.0.1
parity-dapps-glue,1.9.1
seccomp-droundy-sys,0.1.2
const-bitfield,0.2.2
tcp-echo,0.1.2
lemma,0.1.0
gdext,0.0.0
rotenv,0.15.0
timo,0.1.0
bevy_typewriter,0.2.0
lioness-rs,0.1.0
rack-authority-discovery,0.0.0
carton_common,0.1.0
why-not,0.1.0
bevy_visibility,0.0.1
tauri-web-view,0.6.2
vep,2.1.0
simx,0.12.0
log_hal,0.1.0
alexa_sdk,0.1.5
traitor,0.0.0
artha,0.2.1
nvim_windows_remote,0.1.0
mdbook-regex-replacer,0.1.0
socratic,0.0.1
crypto_api_blake2,0.2.0
mlt-sys,0.1.1
stork-search,2.0.0-beta.2
informant,0.0.0
exact-real,0.0.0
message-bus-macros,0.1.1
google-localservices1-cli,3.1.0+20220305
dalia,1.2.0
glossary,0.1.1
sarif,0.0.0-reserved
rustcli,0.1.0
bevy_scripting,0.0.1
parachain-info,0.0.0
glulxtoc,0.1.0
google-gamesmanagement1_management-cli,3.1.0+20220217
proto-voxel,0.1.0
phase_vocoder,0.1.0
ikbr,0.0.0
tauri-bindgen-ts,0.1.0-alpha02
vec_saver,0.0.2
bevy_mod_scripting_rhai_derive,0.3.0
asprim,0.2.0
kyousuke,0.1.0
crispy_octo_fractals,0.5.1
cuteness,0.9.8
rack-contracts-rpc,0.0.0
warkov-wordgen,0.2.0
ascii-to-hex,0.1.1
blepcat,0.0.0
quad3,0.1.0
spl,0.0.4
fast-trap,0.0.1
universal-hashes,0.0.0
fluent-bit-go-sys,0.0.1
spotify_info,0.5.0
towel,0.1.0
fleet,0.2.0
win32-security,0.1.0
mycroft,0.0.1
tl-scheme,0.2.0
json_unstringify,1.0.3
remote-externalities,0.0.0
vapcore-bytes,0.0.0
rkill,0.1.1
origamigo,0.1.0
librgb,0.2.0-rc.1
arnalisa,0.6.8
schema-derive,0.1.0
meander,0.1.1
plain-map,2.0.0
pdf-create,0.1.1
grandpa,0.0.0
serde_closure_derive,0.3.3
rexrocksdb,0.3.2
artichoke-ruby,0.0.0
bintext,0.1.3
cw-ibc-query,0.1.0
optika,0.1.0
sing_macros,0.1.3
euroc,0.1.0
cuda11-cutensor-sys,0.3.0
db3-sqlparser,0.0.1
spatialos-codegen,0.2.2
hc-128,0.0.0
pipi,0.0.0
sc-consensus-manual-seal,0.28.0
eb,0.5.0
rejector,0.0.1
yadns,0.2.1
pd-quick-override,0.1.2
overseer,0.0.0
windows_x86_64_msvc,0.48.0
orichalcum,0.0.0
pwned,0.5.0
bindb,0.0.3
staticmap,0.4.1
iso-639,0.1.0
depict-web,0.3.0
vapory-poa-relay,0.1.0
medley-runtime,0.0.0
signer,0.0.0
suff_collections,2.0.0
rust-utils,0.7.0
timed-queue,0.2.3
fungoid,0.2.2
publish-cool-workspace,0.13.6
remu,1.0.1
bytey,0.3.0
hidden-median,0.1.3
vigil,0.2.1
rpgdk,1.2.4
sockrs,0.1.0
grrs_cheng,0.1.0
sol-airdrop,0.2.0
fnvhash,0.0.1
thesaurus,0.5.2
smallest-enclosing-ball,0.1.0
gemina,0.2.0
abstract-account,0.0.1
usiagent,0.6.9
pdc,0.3.1
hornvale,0.1.1
jetz,0.0.0
directwrite,0.3.0-alpha4
small-ord-set,0.1.3
entab-cli,0.2.2
sl-la,0.0.0
docs_rs_test_incorrect_lockfile,0.1.2
geph4-client,4.8.9
arrow-format,0.8.1
mc-repack,0.14.0
wrappinghashset,0.4.1
tink-mac,0.2.5
tink-aead,0.2.5
tink-signature,0.2.5
db-key,0.1.0
vader,0.0.0
bruto,0.1.0
opentalk-janus-client,0.0.0
panini_macros,0.0.0
testcrate12345,0.1.0
divide_range,0.1.1
astaxanthin,0.1.0
protobuf-convert,0.5.0
rsa-export,0.3.3
nitric-lock-internals,0.0.1
orrp,0.1.0
eval-metrics,1.0.2
macroquad-virtual-joystick,0.2.0
kamikaze_di_derive,0.1.0
ophelia-hasher-keccak256,0.2.0
generoust,0.1.0
orda,0.1.1
value_from_type_macros,1.0.6
oppgave,0.1.0
gfx_device_vulkan,0.1.0
adi_clock,0.3.0
maelstrom,0.1.0
kafka-connect-http,0.0.0
grrs2,0.1.0
dcp,0.4.1
imag-markdown,0.10.1
commot,0.1.1
udm-fan,0.1.0
archivelib-sys,0.2.0
backtrace-error,0.3.0
task-collection,0.0.4
adventure,0.5.0
operator-sugar,0.1.2
ip2location-olson-timezone,0.0.0
kitty-llvm,0.0.0
pace,0.0.0
maman,0.13.1
opentracingrust_zipkin,0.3.1
sugar,0.2.0
carbonado,0.3.3
unbox,0.2.0
amadeus-serde,0.4.3
whitewash,0.2.0
heartbeat,0.0.1
forest_address,0.3.2
oplog,0.3.0
opensles,0.0.1
macroland,0.1.5
opentalk-polls,0.0.0
openqasm3,0.0.1
grb,1.3.0
cw-ica-controller,0.1.1
pizarra,3.0.0
nomhttp,0.1.0
etwin_constants,0.12.3
tiktok,0.0.2
breda-key-value-store-cache,0.0.0
is_main_thread,0.1.0
hauptbuch,0.0.1
hel-thread-pool,0.2.0
ucl,0.1.4
appscraps_static_util,0.1.0
portaldi-macros,0.1.4
tempeh_playstation,0.0.1
dwarf-term,0.2.0
mc-exam-randomizer,0.3.7
aschord,0.3.4
portaldi-core,0.1.4
abstractio,0.1.0
pico_pngme,0.1.0
django-signing,0.0.0
bech32-no_std,0.7.3
adbutils,0.1.1
arcon_state,0.2.1
confget,5.1.1
alsactl-sys,0.4.0
curve,0.6.1
minecraft-protocol,0.1.0
dupcheck,0.1.0
middle,0.1.0
radio-at86rf23x,0.2.0
holochain_sodium,0.0.1-alpha1
rudp,0.2.1
parolare,0.0.0
unsized,0.0.0
supercut,0.1.0
vapory-poa,0.0.0
twasm-repo-bin,0.0.0
discord_game_sdk_sys,1.0.1
hwatch,0.3.10
dbc_parser,0.1.0
metaemu-run,0.1.0
an-data,0.1.0
gh-hex,0.0.0
bincode_ext,0.0.7
android,0.0.1
atomic_refcell,0.1.10
tipc,0.1.2
fs-tool,0.0.0
HyperBoolean,0.1.0
gira,0.1.0+reserved
goose,0.17.0
provisioner,0.0.0
calendar_client,0.1.1
jitsi-jingle-sdp,0.2.0
x12,0.1.0
angelscript,0.1.1
libray_nikolas_con,0.1.1
fwk,0.1.0
faction,0.0.0
node-interface,0.0.0
bounties,0.0.0
decentralized-internet,0.2.2
embedded-graphics-sparklines,0.1.0
embedded-flight-scheduler,0.1.1
twasm-token,0.0.0
heif-sys,0.1.1
lookaround,0.1.6
citadel-apps,0.4.0
handshake-types,0.1.1
embedded-error,0.6.0
circulator,0.0.0
analyticord,0.1.2
hd44780_test,0.1.0
runtime-golang,0.0.1
height-mesh,0.1.0
sonor,1.1.0
breda-feature-toggles,0.0.0
gotham_restful_derive,0.8.2
android_sensor-sys,0.1.4
breda-debug-renderer,0.0.0
kernel32-sys,0.2.2
linked-tail-list,0.0.1
libafl_targets,0.10.1
web3d,0.2.0
bevy_mod_scripting_core,0.3.0
bs58-cli,0.1.2
zip-password-finder,0.5.1
mauth-client,0.2.0
rbspy,0.17.0
gpg-expire-warner,0.1.2
muta-keypair,0.1.0-alpha.1
push-fns,0.1.0
sequel,0.1.0
mshp,0.2.0
antd-yew,0.1.0
bpg2hevc,0.1.0
cognito_srp,0.1.2
url-decompose,0.1.1
ouo,0.1.0
things3,0.0.5
crossclip,0.7.1
syntex_syntax2,0.0.2
miraplex-candy-guard-derive,0.2.0
steam-switcher,0.1.0
lots,0.0.0
rust_admob_ssv,0.1.0
meowj,0.2.0
libafl_sugar,0.10.1
apricot-client,0.15.1
apex,0.1.2
publish_test,0.1.0
inout,0.1.3
entrs,0.1.0
charon_ariadne,0.1.0
android_base,0.1.0
test-support,0.0.0
cia,0.0.0
durable,0.0.1
redis-pubsub,0.0.1
mp2667,0.0.4
antigravity,0.0.5
display_bytes,0.2.1
fossology-rs,0.2.3
ludomath,1.1.1
xmlJSON,0.2.0
bip_dht,0.6.0
anthology,0.1.0
liblet,0.2.0
x-bow,0.1.0
telegram-bot-types,0.2.1
bindable,0.1.2
tt-identifier,0.1.1
mzandvliets_hello_world_crate,0.1.2
libjpegturbo-sys,0.0.2
apache,0.0.0
myfunct,0.1.0
rustuino,0.1.0
rusty_german_types,0.1.1
solana-librapay-api,0.20.1
serde-scale-wrap,0.3.0
partial-application-rs,0.1.0
iron-oxide,0.1.1
sv_web,0.1.0
libvmdk-sys,0.1.0
yolo-block,0.1.0
solana-geyser-plugin-bigtable,1.10.31
binlog,0.5.0
gen_layouts_sys,0.3.0
ht32f2yyy,0.1.0
backgeard,0.1.0
solc,0.0.0
texc-config,0.1.7
intervalier,0.4.0
bystr,0.1.3
appscraps,0.1.0
bin_codec,0.1.0
aoc-toolbox-derive,0.4.1
dntk-matrix,0.1.2
cl,0.9.0
gcs-rsync,0.2.1
set-config-toml-version,0.0.1
theora,0.0.0
google-servicecontrol2-cli,3.1.0+20220227
v8unpack,0.3.0
nrf91,0.1.1
aws-sdk-apigatewayv2,0.28.0
eow_words_quiz,0.1.3
lifetime-tracer,0.1.0
over-there,0.1.0-alpha.2
doggo,0.1.16
lspower-macros,0.2.1
spatialos-sys,0.2.0
an-linux,0.1.0
events_emitter,0.1.3
key_set,0.1.0
file-guard,0.1.0
internationalization,0.0.3
tetris_core,0.2.1
fuse-rust,0.3.1
tokio-bridge,0.0.0
transform-stream,0.3.0
pixieve-rs,0.4.0
memory-balloon,0.1.0
nessie,0.1.0
sjis-literals,0.1.0
miraland-rayon-threadlimit,1.14.17-rc6
trim,2.0.2
pos_pso,0.1.6
symbolics_core,0.1.5
finalfusion-inspector,0.1.0
drone-cortex-m,0.11.1
brev,0.2.0
lambda_calc,2.2.2
approx_shannon_entropy,0.1.1
yttrium_std_delete,0.1.0
zplus,0.9.3-rc.1
mpl-listing-rewards,0.1.1
syntastica-parsers-git,0.3.0
yttrium_std_selfreact,0.1.0
ipo,0.0.0
tetcore-playground,0.0.0
cargo-veloren,0.0.0
onesignal,0.1.0
intermodal,0.0.0
open_read_later,1.1.1
appro-eq,0.3.1
fishrock_lambda_http,0.3.0-patched.1
meck_grrs,0.1.0
novaxml,0.1.0
busmust-sys,0.1.3
nd_iter,0.0.4
gles31-sys,0.2.0
hello-world-roger,0.1.0
nummy,0.1.0
depper,0.3.0
liblearn,0.1.1
syact,0.12.0
wallet-cli,0.0.0
encoded-words,0.2.0
lunchbox,0.1.3
mesh-rand,0.1.0
ima-measurements,0.2.0
futures-trace,0.0.0
prime,0.0.0
redact-crypto,2.7.1
rinfluxdb-types,0.2.0
crypto-bank,0.0.1
m2-ctrl_fsm,0.1.0
mongoloid,0.1.1
pachable,0.0.1
version-track,0.1.0
tartanlib,0.4.0
telegram-bot-async-raw,0.8.2
tauri-webview-sys,0.5.0
rusty-tree,0.0.1
google-tpu1-cli,3.1.0+20220301
ralik-repl,0.0.1-alpha.0
binary_vec_io,0.1.12
meta,0.1.1
rcmath,0.0.1
bsabin,0.2.1
mgart,0.0.2
netloc,0.1.9
minetestworld,0.5.3
psup-impl,0.6.4
rust-developers,0.0.0
rust-sdk,0.0.0
free-trade,0.0.0
arghsh,0.1.1
magnetfinder,0.4.0
dotlock,0.5.0
elrond-sc-wegld-swap,0.38.0
fts_gitignore_nuke,0.1.5
datev-types,0.4.0
microtemplate_derive,1.0.0
svarog,0.6.1
caustic,0.0.1
cargo-coverage,0.1.1
open-vaf,0.4.2
svgtypes,0.11.0
pseudocode,0.1.8
oe,0.0.2
git-chlog,0.1.0
reward-curve,0.0.0
gdp,0.0.0
external_mixin,0.0.1
lambda-powertools,0.0.0
building_blocks_search,0.7.1
emacs-rs-module,0.18.0
li-stephens,0.1.0
likemod,0.2.0
graphene-cli,0.0.0
hacky-types,0.1.0
max-contract,0.0.0
trader,0.0.0
hashmap_ext,0.0.3
tetsy-jsonrpc-stdio-server,15.1.0
exact,0.0.0
decentralize,0.0.0
every,0.0.0
netcdf3,0.5.2
maketemp,0.1.0
onshape-level-gen,0.1.6
www-authenticate,0.4.0
debug_macros,0.0.1
tinystd,0.2.0
seed-icons-gen,0.3.2
scrappy-derive,0.0.1
socksns,0.3.2
doryen-extra,0.2.1
bevy_fpc,0.1.0
harpo,0.7.0
open-api-generator,0.0.0-reserved
ux-css,0.0.0
arabic-script,0.1.0
multi-tunnel,0.3.3
datamorph,1.0.1
snowferris,1.0.2
okofdb,0.1.3
btlib,0.1.0
lark-type-check,0.1.0
hmd,0.4.13
soa,0.9.2
mate,0.0.0
haze,0.1.0
tokio-postponable-delay,0.1.0
tecs,1.1.0
crispr_guessing_game,1.2.1
win32-management-sys,0.1.0
authzen-proc-macro-util,0.1.0-alpha.0
http-signature-normalization-actix,0.8.0
cmudict-fast,0.8.0
lulz,0.1.1
wing,0.1.0
brpc-build,0.1.0
asuran-chunker,0.1.6
cardano_ouroboros_network,0.2.8
rulox_macro,0.7.1
snarky,0.1.0
unic-ucd-common,0.9.0
casperlabs-test-env,0.3.0
extend-lifetime,0.2.0
gmt_dos-clients_m1-ctrl,1.0.2
pad_left,0.1.2
arangodb_events_rs,0.1.6
fastpbkdf2,0.1.0
actori-web-static-files,0.3.0
filesfinder,0.4.6
bytelinebuf,0.1.0
rox-lang,0.0.1
polymer-core,0.1.0
agui_primitives,0.3.0
ivm,0.4.0
nightlight,0.2.0
integer-cbrt,0.1.2
streaming-iterator,0.1.9
supabase,0.0.0
carbide_derive,0.70.1
meow_forth,0.1.0
airbyte_client,0.40.26-1
kvmi,0.4.0
sake-derive,0.0.1
irma,0.2.1
array-utils,0.1.1
argdata,0.1.2
appscraps_static,0.1.0
archetect,0.7.3
volut,0.0.0
ironbird_jni_context,0.1.0
onepage,0.1.8
onigmo,0.0.1
openfare-lib,0.6.2
binary_ok,0.2.1
k2hash-sys,0.0.1
cw-daemon,0.0.0
graphtoaster,0.0.0
bincrypt,0.3.1
hash-wheel-timer,0.0.0
rustutils-yes,0.1.0
onemfive_daemon,0.0.13
event-bot,0.1.0
hc_roles_mixin,0.1.4
entrait,0.5.3
yaga,0.1.0
trombone,0.1.0
Markdown-to-HTML-rs,0.1.0
ltv,0.2.21
grab-meta,0.1.3
win-installed-keyboards,0.1.1
might,0.0.0
drone-tisl-map-pieces-8,0.13.0
list_math,0.1.0
threshold,0.9.1
termstyle,0.1.2
tracing-slog,0.2.0
test_publish_0x5,0.1.0
lsx,1.1.2
test-erc20,0.3.1
bing,0.1.0
arch-mirror,0.0.0
ex-web-api-rust,0.1.1
dlog_core,1.1.8
vagabond,0.1.1
dlog_rs,1.1.8
landlord,0.1.1
omni,0.0.1
oembed,0.1.0
sproxy,0.1.0
axon_parser,0.8.2
savon,0.2.0
dylint_building,0.1.0-pre.2
cyndikator-atom,0.1.0
mapbox_expressions_to_sql,0.1.0
tari_wallet,0.8.1
waffles-solana-udp-client,1.16.0-alpha.10
lichessbot,0.1.36
argo-rollouts-crds,0.1.0
svg_to_ico,1.2.0
wooting-analog-sdk-sys,0.1.0
ointers,4.0.0
whale,0.0.0
onigiri,0.2.0
argonfand,1.0.3
localnative_ssb,0.3.7
dune-chain,0.0.0
gitto-rs,0.1.0
video-timecode,0.6.1
arrutil,1.0.0
rapier3df64,0.1.0
solders-account-decoder,0.18.1
drumbeat,0.1.1
move-source,0.0.0
mobc-nebula-graph,0.4.4
ftools,0.1.1
plonky2_ecdsa,0.1.0
const_parse,1.0.0
bb8-nebula-graph,0.4.4
range_checker_macro,0.2.1
bevy_shapes,0.0.1
termagotchi,0.2.0
test_cargo_package,0.1.0
move-lib,0.0.0
primal-tokio,0.1.0
lak,0.1.0
cargo-dockerfile,0.1.0
loop_chain,0.1.1
spl-feature-proposal,1.0.0
odbcbcp-sys,0.0.1
bottomless-cli,0.1.14
planus-codegen,0.4.0
syncpool,0.1.6
dsar,0.2.0
fs-librarian,0.3.2
odbc-tools,1.1.1
beefy-gadget-rpc,19.0.0
cfm,0.1.1
ofx_sys,0.2.0
armake2,0.3.0
noob,2.0.0-alpha.2
cooplan-config-reader,0.1.0
unicode_skeleton,0.1.1
bevy_net,0.0.1
conway-nes,0.1.1
shipyard_rapier3d,0.1.0
selfe-sys,0.1.1
crymap,1.0.1
move-module,0.0.0
base58m,1.0.1
ruchat-derive,0.0.0
mcoffin-option-ext,0.2.0
whitespace_text_steganography,0.2.1
grrs,0.1.0
kaist,0.1.1
extension-fn,1.2.0
snapper-box,0.0.4
okay-loc,0.1.0
spn,0.2.0
wechaty-puppet-mock,0.1.0-beta.1
minigrep_icy,0.1.0
corefish,0.0.0
edisp,0.0.3
diskqueue,0.1.0
pusher-beam-rust,0.1.3
zinc64-debug,0.8.0
windows-sys-win32-data,0.23.0
windows-perception,0.23.0
th_pool,0.1.8
popcorn-nn,0.1.0
google-servicedirectory1_beta1,5.0.2+20230105
ofCourse,1.1.1
tsukuyomi-juniper,0.3.1
ogl33,0.3.0
pdex,0.0.0
armbankrate-cli,0.1.0
dynamodb-mutex,0.1.2
wasmcloud-k8s,0.0.1
agda-mode,0.1.8
arithmetic-typing,0.3.0
selfe-config,0.2.1
gox,0.4.0
pickle,0.2.0
pem-iterator,0.2.0
amuse,0.0.1-dev
defs,0.1.0
ofps,0.1.0
scan_fmt,0.2.6
soar-test-cpi,0.1.0
microsoft-api,0.1.0
pam-macros,0.0.3
reformation_derive,0.5.2
waterbear,0.12.0
synthahol-dx7,0.1.0
generic-cast,0.1.0
limited_binary_heap,0.1.0
memoire,0.1.2
quadoculars,0.1.40
kitone,0.0.0
vibha,0.1.1
python_object,0.1.0
lw-webdriver,0.4.1
win_key_codes,0.1.2
rough,0.2.0
cuda-cudnn-sys,0.0.1
nolan,0.1.1
fun_time_derive,0.2.1
gmt_dos-clients_arrow,1.1.0
sc-sync-state-rpc,0.27.0
arquery,0.1.0
unsafe_unions,0.0.2
untyped-arena,0.1.1
arirang,0.1.0
sc-consensus-grandpa-rpc,0.12.0
smartnoise_validator,0.2.3
sml-rs,0.3.0
smallvectune,0.0.1
amiya,0.0.6
gcs-server,0.5.1
google-cloud-auth,0.12.0
what-time,0.2.0
compiler_base_span,0.0.1
pincers,0.2.0
tea-crypto-actor-codec,0.2.0-dev.1
google-cloud-pubsub,0.18.0
unicode-columns,0.1.0
serlp,0.3.1
substrate-frame-cli,25.0.0
google-cloud-spanner,0.23.0
conduit-cookie,0.10.0
google-cloud-storage,0.13.0
efm32gg880-pac,0.1.0
libmodbus,1.0.1
hel-time,0.2.0
lsm6ds33-rs,0.0.1
lsode,0.2.7
distance_aa,1.0.0-alpha.3
rew,0.3.0
lite-context,0.0.0
windows_memory_access,0.5.0
orium,0.1.0
dybs,0.3.0
try-runtime-cli,0.31.0
mithril-stm,0.2.19
yamlate,0.1.1
udipta-clap,0.1.0
unrealengine5,0.0.1
faimm,0.4.0
hors,0.8.2
log2graph,0.1.1
llamadb,0.0.1
spsc-ringbuf-core,0.1.0
unit-rs,0.2.0
nauty-pet,0.12.0
lwt,0.1.0
stm32f767-hal,0.2.0
psinode,0.0.0
cargo-tokio,0.1.0
ssfs,0.1.0
jtp,0.1.2
apple-nvram,0.1.0
tiny-encrypt,0.0.0
grep-matcher,0.1.6
near-fixed-bit-tree,0.0.0
artifact_serde,0.3.1
evm-stateful,0.11.1
vsqx,0.1.0
windows_writer,0.19.0
gitignores,2.3.2
clip_qdrant,0.1.1
umgap,1.0.0
wakers,0.0.0
osaka,0.3.0
offset-polygon,0.1.0
sqlite-decoder,0.1.1
tampon,1.0.0
wicrs_api,0.2.1
pmfpack,0.1.0
pwintln,0.1.3
ulock-sys,0.1.0
gph,0.1.0
maybe_utf8,0.2.3
effect,0.1.1
pink,0.0.0
pbb_add_two,0.1.0
ufmt-utils,0.2.0
pwlp,1.0.0
creator-ads,0.4.1
pbb_minigrep,0.1.0
creed,0.0.0
panoramix,0.0.3
ascon-aead,0.4.2
deconz,0.1.0
wrflib_widget,0.0.3
log_64,0.1.1
subtitle,1.0.3
apple-ie,0.1.0
hotiron,0.1.0
ufix,0.1.0
sqlite-encoder,0.1.1
jekyll-to-gatsby,0.4.0
doculite,0.0.1
graphite_mc_constants,0.1.0
spring,0.0.0
crystalline,0.1.0
embassy-flash,0.0.0
lutgen-palettes,0.2.5
lucet-wasi,0.6.1
crl5-module-fn,0.1.8
heapnotize,1.1.0
pexels,0.2.1
mailslurp,14.0.1
libinjection-rs,0.2.8
binhex4,0.1.2
rustypaste-cli,0.6.0
routerify-websocket,3.0.0
windows-applicationmodel-lockscreen,0.7.0
slender-math,0.1.1
arush,0.0.5
urlparse,0.7.3
bespin,0.0.1
loopy,0.1.0
adventurous,0.0.3
cursive-spinner-view,0.1.2
kstat-rs,0.2.0
windows-data-text,0.7.0
opentalk-module-timer,0.0.0
st3,0.4.1
dakota,0.1.0
sklearn-sample-datasets-rs,0.1.0
haku-server,0.1.0
pallet-confidential-smart-contract,0.1.0
struqture,1.3.1
ovr-sys,0.3.0
sparse,0.1.2
lightway-core,0.0.2
wasm-wrapper-gen-build,0.0.3
randnums_win,0.1.1
const-ft,0.1.2
mosquitto-plugin,2.1.3
assert_panic_free,1.0.2
umm-malloc,0.3.2
wasmcloud-actor-graphdb,0.1.3
vdirsyncer,0.0.1
assemblylift-iomod-dynamodb,0.1.4
zffmount,1.0.0
litcrypt,0.3.0
tab-pty,0.5.3
zebra,0.0.0-placeholder.0
binaryutils,0.1.6
google-oslogin1,5.0.2+20230115
kedit,0.1.0
windows-applicationmodel-userdataaccounts-provider,0.7.0
simple_string_lexer,0.1.0
zamac,0.1.0
single-session-app,0.8.5
cringify,0.1.1
bufferoverflowu-sys,0.0.1
libzfs,0.6.16
prettier,0.1.5
csv-query-rs,0.2.2
bingo,0.1.0
simple_ml,0.3.2
near_schemafy_core,0.7.0
eip55,0.4.0
simples,0.1.1
pontus_onyx_cli,0.3.4
google-testing1,5.0.2+20230119
three-d-gltf-import,0.0.3
noble-example-parallel,2.0.1
fd,0.2.3
piranha,0.1.0
google-recommender1,5.0.2+20230108
crabby_dns,0.1.0-alpha.5
pagerduty,0.2.0
simple_kbuckets,0.2.0
artigo-templates,0.1.0
vidseq,0.0.1
libp2prs-exporter,0.3.0
libchode,0.1.0
smoothed_z_score,0.1.3
asrefmut,0.1.0
captis,0.6.1
phantom,0.0.4
teslatte,0.0.1
iomux,0.1.0
euphony-mix,0.1.1
hammad420,0.0.0
aws-sdk-cloud9,0.28.0
lanewise,0.1.0
misc_ecs,0.1.14
cargo-rustlangbr,0.1.5
binomial_tree,0.5.0
ShellcodeGenerator,0.1.0
uvm_cli,0.4.0
google-playmoviespartner1,5.0.2+20170919
inline_proc_macros,0.1.0
libp2p-mplex,0.40.0
silkroad,0.0.4
async-aria2,0.1.2
embedded_graphics_framebuffer,0.1.1
kineasy_test_utils,0.1.0
brute-force,0.2.0
signedsource,0.3.0
xql-sqlx-mysql,0.2.0
duolingo_rs,0.3.2
sift,0.1.0
ib_async,0.1.1
sigpro,0.1.0
signal-backtrace,0.1.0
tupletools,0.3.0
bevy_spirv,0.0.1
bgrep,1.0.0
audiosocket,1.0.0
google-metastore1_beta,5.0.2+20230111
tumbleweed_derive,0.1.0
beskar-io,0.0.0
proc_monitor,0.1.2
allocator-fallback,0.1.8
nell,0.3.0
sparkey-sys,0.1.1
fixed-bump,0.3.3
assemblylift-core-event,0.1.1
ens-rest-client,0.1.0
firestore_grpc_cloudrun,0.1.1
astrolab-smart-coffee-types,0.0.10256
sunset,0.1.0
fenestroj,0.0.11
binio,0.1.6
tracing-rc-derive,0.1.1
porcupine-sys,0.0.4
bevy_kwai_interactive_live,0.1.2
gobbledygit,0.1.0
tspa,0.1.1
jupiter-cpi,4.0.3
async-alloc-counter,0.2.1
berlin,0.0.0
ai-cli,0.2.1
yttrium_std_kick,0.1.0
discrimination,0.0.2
udpflow,0.1.0
colliery-frontend,0.0.0
trustfall_macros,0.0.2
colliery-cli,0.0.0
libpermute,1.0.1
anydate,0.3.0
tuifeed,0.3.2
libp2prs-secio,0.3.0
octomate,0.1.0
rstr,0.1.0
kvarn_async,0.5.0
tomahawk,0.1.0
alexcrichton-cranelift-simplejit,0.53.0
amdfand,1.0.13
lock-wrappers,0.1.2
rstidal,0.1.2
imgur,0.7.0
hpke-rs-crypto,0.1.2
bevy_tileset_map,0.5.0
http,0.2.9
jimage,0.2.4
arise,0.1.2
fmlrc,0.1.8
beeswax,0.1.2
git-ws,0.1.0
plimeor_dotfiles,0.2.0
elucify,0.1.0
eltrafico,2.3.0
tree-buf-macros,0.10.0
termination,0.1.2
twist-lz4,0.3.1
ezk-sip-ua,0.1.4
shut,0.1.2
bingpot,0.1.0
grrs_wenshei,0.1.0
struct_iterable_internal,0.1.1
maple-core-macro,0.4.3
traitgraph-dimacs-io,4.0.0
shorturl-core,0.1.0
hashmap_vec,0.1.1
cargo-permissions,0.1.1
embedded-td,0.1.4
pulz-graph,0.0.1
copystr,0.0.5
valensas-vault,0.1.5
doublesite,0.1.0
async-byteorder,0.3.0
bitwarden-data,0.1.0
prefix,1.0.4
gst-plugin-mpegts,0.0.0
locutus-runtime,0.0.3
clia-rustorm,0.19.1
phabricator-api,0.0.4
elfbin,0.4.0
nyar-number,0.2.4
hext,0.4.2
serde_apply_macros,0.1.1
chain-spec-builder,2.0.0
zerus,0.4.0
lnpbp_identity,0.9.0
fixed-typed-arena,0.3.2
plugger-ruby,0.3.0
dwarf_x86,0.1.0
cfs_openpgp,0.1.0
photondb-engine,0.0.1
node-template,2.0.0
windows-deps,0.3.0
purpurea,0.1.0
noodles-vcf,0.34.0
actors-macros,0.1.1
oports,1.0.0
wirectl,0.1.0
octorest-build,0.0.0
benchpmc,1.0.0
getch-rs,0.1.3
wechat-cp,0.1.0
hyperdb-rs,0.1.2
lttng-ust,0.1.0
hello_closures,0.1.0
elr_primes,0.1.2
tokio-linux-aio,0.1.11
libarena,0.1.6
analytic,0.7.1
sqlx-clickhouse-ext,0.2.0
substrate-runtime-hasher,0.2.9
opcua-certificate-creator,0.9.0
svgbob_server,0.6.4
vouch-rs,0.1.0
roa-diesel,0.6.0
async-zeroconf,0.2.2
logind-dbus,0.1.1
return,0.0.0
pong-cli,1.0.1
testgen,0.1.0
concatsql_macro,0.1.0
openweather-async,0.1.2
modexp,0.2.2
lazycrate,0.0.1
timestamp-cli,0.1.0
tetsy-codec-derive,3.0.0
win-acrylic-sys,0.1.0
async-http,0.0.0
tv-cli,0.7.0
release-experiment-top-crate,0.3.5
cargo-vsc,0.1.0
car-utils,0.1.5
windows-sys-web,0.23.0
shortcut,4.1.4
c3_clang_extensions,0.3.7
parse_csl,0.1.0
estd,0.1.0
time-check-loop,0.1.1
ttstack,0.0.3
igo-rs,0.3.0
easy-qjs,0.1.4
rust-toolchain-file,0.1.0
new-home-core,0.1.3
wait-timeout,0.2.0
shinyframework_devtools,0.1.0
rusty-menu,0.1.3
shipyard_rapier2d,0.1.0
helix_runtime,0.5.0-alpha-2
grb-sys2,9.5.0
fair-baccarat,0.2.0
q-debug,0.1.1
otpcli,1.0.0
shine-graph,0.2.0
sherlock,0.1.0
async-test,1.0.0
replman_derive,0.1.0
sharpen,0.1.0
shinyframework_common,0.1.0
cronos-heartbeat,0.1.8
zkraken-lib,0.2.0
type_buddy,1.1.0
async-mq,1.1.0
shared-data,0.0.2
clap_lex,0.5.0
turquoise,0.0.0
butterscotch,0.0.1
wsdclient,0.0.0
fluse,0.1.4
yanp,0.1.1
assert2,0.3.11
droids,0.0.1
hotpotai-cli,1.0.0
express-rs,0.0.5
ferrux_projection_matrix,0.1.0
shapeshift,0.1.0
type_name_value,0.1.1
rumbrella-rdk-mem,0.1.0
zki_sieve,3.0.0
zcash,0.0.0
sunfish_macro,0.7.3
miraland-streamer,1.14.17-rc6
verilization-lang-scala,0.1.0
fb2,0.1.0
grip,0.0.0
rumbrella-rdk-img-vec-svg,0.1.0
shadowsocks-gtk-rs,0.4.1
deltav_calc,0.1.0
eth-secp256k1,0.5.7
freighter-index,0.0.0
nosql_rocksdb,0.0.2
runs_inside_qemu,1.2.1
rumbrella-rdk-cli,0.1.0
jrsonnet-cli,0.5.0-pre91
jrsonnet,0.5.0-pre91
sledash,0.1.0
lcm_gen,0.1.1
udpproxy,0.1.0
freighter-server,0.0.0
win32-media,0.1.0
imgproc-rs,0.3.0
newel,0.2.0
bingen,0.3.1
graphite_magma,0.1.0
http_router,0.1.0
option_trait,0.1.3
identity_schema,0.1.0
cw3-fixed-multisig-secdao,0.13.2
test_version,0.2.0
twtar,0.1.1
tg-media-bot,0.1.0
deskc-evalmir,0.0.0
ezhook,0.2.2
xss-evil,0.1.0
ssd1362,0.1.0
uml_parser,0.1.1
express,0.0.2
copc-rs,0.2.0
vemigrate,0.3.1
exif-rs,0.1.0
winflip,0.1.0
goscript-codegen,0.1.0
glit,0.3.0
constmuck,0.3.0
rocket_db_pools_codegen,0.1.0-rc.3
kndb,0.0.0
executor-macros,0.1.1
bip0032,0.0.0
goods-treasury-import,0.2.0
rack-assets,0.0.0
xenon,0.1.0
tokio-command-fds,0.2.1
einsum-codegen,0.1.0
race-cli,0.0.4
ezmem,0.2.0
hanger,0.1.0
rorshach,0.2.0
pgp,0.10.1
tailwind,0.1.0
wow-web,0.1.0
micro_http_server,0.0.5
yz-nomstr,0.3.0
guiedit,0.1.0
orm_mysql,1.0.1
harbor,0.1.0
world-file,0.1.0
rand_jitter,0.3.0
unlambda,0.1.0
teeny-qoi,0.1.0
mongo-data,0.0.5
id_loops,0.1.1
solver,0.0.3-alpha.2
coarse-prof,0.2.6
sandbox-ipc,0.4.0
async-spawn-attributes,0.0.0
ocean,0.1.1
tet-core,2.1.2
hazelcast_rest,0.1.0
cargo-up-derive,0.0.1
spritz_cipher,0.1.0
fastxdr,1.0.2
tdlib-futures-copy,0.1.3
halt,2.0.2
rusoto_core,0.48.0
read_with,0.1.0
elapsed-printer,0.1.0
pep508_rs,0.2.1
photos,0.1.0
bevy_thread,0.0.1
iso8583,0.1.1
humphrey_auth,0.1.4
mmime,0.1.2
trans-gen-kotlin,0.3.0-alpha.2
hwpay,0.0.0
pun,0.1.0
yrt,0.1.0
dependency_runner,1.2.2
lentrait,0.2.3
win32-networkmanagement-sys,0.1.0
libfive,0.1.3
tw2s,1.0.17
wit-ffi,0.0.0
ionosphere,0.3.0
rtcd,0.0.1
gazbuzz,0.1.5
dw3000,0.2.0
win32-ui-sys,0.1.0
sbv2-near,0.1.0
cargo-try,0.1.0
wsmsvc-sys,0.0.1
win32-system,0.1.0
polytope,0.1.2
err_or,0.1.0
semval,0.5.0
pyrinas-server,0.4.3
quickercheck,0.2.0
sp-wasm-memfs,0.2.0
padme-core,0.0.1
objrs_macros,0.0.2
tiny-test,0.1.0
tengxun,0.1.3
ethane-wasm,1.0.2
stackbt_automata_impl,0.1.2
typenum-uuid,0.1.0
errorbender,0.1.0
oal-sys,0.0.2
dashing,0.0.2
chip,0.0.6
converter,0.3.1
pipe_mock_serve,0.7.1
fluss,0.1.1-alpha.1
equiv,0.1.3
coder,0.3.6
apple-itunes-search-api,0.0.0
bevy_adventure,0.5.0
sonicbot-matrix,0.1.5
dnsparse,0.3.0
async-pop3,0.1.0
date-differencer,0.1.0
kernel-print,0.1.0
cargo-bisect-rustc,0.6.6
makepad-hub,0.1.0
cynthia,0.0.6
nexus-rs,0.1.0
scalc,0.2.1
erlang,0.1.3
cantools,0.2.1
dilate,0.6.2
cord-client,0.3.2
valgrind,0.1.2
zengarden-sys,0.1.0
haiku,0.2.0
zeronet_protocol,0.1.10
qecs,0.0.7
valor_core,0.5.2-beta.0
flexgen,0.4.5
finite-state-automaton,0.1.2
matrix,0.22.0
lpu-macros,0.1.0
pic32mx470,0.1.0
sortr,0.1.2
sortpar,0.1.1
x-influx,0.9.2
vo,0.0.1
u-siem-sqlite-store,0.0.3
xwiimote-sys,0.1.4
windows-globalization,0.23.0
async-storage,0.0.0
windows-data,0.23.0
joyful_minigrep,0.1.3
windows-define,0.23.0
sc-network-common,0.26.0
ominigrep,0.1.0
wolf_engine_sdl2,0.7.1
crystalfs-server,0.0.0
noest,0.1.1
cargo-publish-workspace,0.19.0
sp-authority-discovery,19.0.0
osmo-bindings-tokenfactory,0.6.0-p0mvn-v1
bankman,0.3.1
miraplex-candy-machine,4.5.1
sunny-anchor,0.3.1
hamster_wheel,0.2.1
spsc-queue,0.1.0
egui-d3d11,0.8.0
habitica-api,0.0.1
hatchet,0.0.0-placeholder
atadb,0.1.0
soundcloud,0.4.0
wasmy-vm,0.5.6
crossbus-derive,0.0.2-a
sqlite2dir,0.2.0
windows-security-sys,0.23.0
primitive,0.1.0
fable,0.0.0
tartan-c-enum,1.0.0
s-tokio-ipc,0.1.0
jacob,0.2.0
unnest,0.3.1
oauth2-logingov,0.0.0
knife,0.3.0
migamake-api-cloudflare,0.2.0
tetris-cli,22.67.2
qrg,0.1.1
tinyusb-sys,0.1.0
hbaapi-sys,0.0.1
spud,0.1.0
atomic_fn,0.2.1
waffles-solana-stake-accounts,1.16.0-alpha.10
waves,0.1.0
libmultilog,0.1.0
oblivc,0.1.2
gdnative-common,0.6.1
libhydrogen,0.4.1
ppg,0.4.0
watercolor,0.1.0
amlo,0.1.0
tuine,0.0.0
hammer,0.1.0
handle-error,0.1.2
waffles-solana-tokens,1.16.0-alpha.10
cargo-service-message,0.1.8
serde_yaml_with_quirks,0.8.24
acme-network,0.2.0
azul-peek-poke,0.2.0
ghrs,0.1.3
robohash,0.2.3
common-types,0.1.0
synfuzz-antlr4,0.0.0
gtk5-sys,0.0.0
homeless,0.0.0
btfm-cli,0.7.0
shrs_line,0.0.1
rusoto_schemas,0.48.0
cuprate-syncer,0.0.0-placeholder
rkr-gst,0.1.2
o2tk,0.0.0
race-facade,0.0.4
read-write-ext,0.1.1
num_sys,0.1.0
asn1-rs-impl,0.1.0
snappy-cpp,0.1.1
lcp-add-one,0.1.0
termcolor,1.2.0
venta,0.9.0
hacspec,0.2.0-beta.4
decimal_fixes_mirror,2.0.4-fix1.0.0
hamst,0.1.0
modulo-n-tools,0.2.0
cpclib-wasm,0.2.0
quartz,0.0.0
compiledfiles,0.8.0
cargo-print,0.1.6
rustutils-uname,0.1.0
rustkit_bindgen,0.0.1
rusty-tcl-sys,1.1.3
sentinels,0.1.0
whoops,0.0.1
handy_macros,1.0.0
samevariant,0.0.1
seqknock-common,0.1.0
sg-mutable-whitelist,0.1.0
oatstore,0.1.1
ja3-livecapture,0.5.0
systemd-linter,0.1.3
obelix,0.2.0
pinar-derive,0.2.0
influxdb2,0.4.2
contained-turing,0.1.4
pipe_watcher,2.1.2
lsdp,0.3.0
devcon,0.2.0
pub,0.0.0
guessing_game_shalzz,0.1.0
dbkit-engine,0.0.9
apple-web-service-client,0.1.1
libhdfs3-sys,0.2.0
dtbh_interface,0.1.0
oauth2-microsoft,0.2.0
hotmic,0.8.2
w65c02s,0.9.2
silly-macros,0.1.0
apple-maps-web-snapshots,0.0.0
async-grpc,0.2.0
guessing_game_viggin,0.1.0
guessing_game,0.1.2
gubernator,0.1.0
streamvbyte-sys,0.1.0
outagefs,0.1.0
render_macros,0.3.1
runestick-http,0.3.0
didcomm,0.4.1
runtime-async,0.2.0
ninat,0.1.0
csvstream,0.2.0
various-rust-utils,0.1.3
gxi_web_binds,0.1.5
enalang_optimizer,0.4.0
multiplex,0.1.0
numid,0.2.9
qobuz-api,0.0.0
interakt,0.1.1
pathway,0.0.0
deferred,1.1.0
cmustify,1.0.0
gotest,0.1.1
snmp_mp,0.1.0
snitch-transform,0.0.5
oasiscap,0.2.0
nuform,0.1.2
google-secretmanager1-cli,3.1.0+20220226
diamond,0.0.0
diaglint,0.1.8
winrt_bluetooth_bindings,0.0.4
kayle,0.0.1
stitches,0.1.0
libarchive-sys,0.0.2
shorty-http,0.5.4
ebml,0.0.0
flagship,0.0.0
dune-web3,0.0.0
google-pubsub1_beta2,5.0.2+20230119
hack-assembler,0.1.0
snels,0.1.0
shape-core,0.1.14
klata,0.1.0
sgr,0.1.0
northstar-client,0.8.1
wall-cli,0.1.2
magnesia,0.11.1
an-rope,0.3.1
inertia-algebra,0.1.0
async-coap-uri,0.1.0
rpg-compiler,0.1.1
flatbuffers-pool,0.1.3
crate_hello_world,0.1.1
gpcas_forwardcom,0.2.1
sfloat,0.0.0
sfetch,1.3.1
httpstat,0.1.0
cozal,0.0.2
xenstore,0.0.0
halima,0.2.0
nu_plugin_sum,0.11.0
passlane,2.2.0
ori-winit,0.1.0-alpha.0
cargo-safety,0.1.1
loglady,0.0.0
vaas,3.0.1
nyar-error,0.1.4
xtensa-lx6-rt,0.4.0
vaxeral_dictionary,0.1.1
dimage,0.1.0
sfcpl,0.1.1
nxcli,0.1.0
cargo-shiny,0.1.0
symbolic-sourcemapcache,12.3.0
relexer,0.1.0
atomizer,0.0.2
eq_wld,0.2.1
sfi-web,0.0.0
treant,0.1.0
trillium-rustls,0.4.0
windows-applicationmodel-datatransfer-dragdrop-core,0.7.0
coolwcl,1.0.1
xxhrs,2.0.0
gtk_liststore_item,1.2.0
gtk-icon-cache,0.2.2
dmutil,0.1.0
taskly,0.1.4
const-trig,0.0.2
inrust,0.3.7
linguee,0.1.7
ggstd,0.0.2
lls,0.2.0
pineapplepizza,0.1.2
ambient_profiling_procmacros,1.0.9
deprecate-until,0.1.0
stm32h7-sdmmc,0.2.0
gc-image,0.0.2
jetro,0.2.4
winit-fullscreen,1.0.1
rhodonite,0.0.1
static-bytes,0.3.0
apt-swarm,0.1.0
common-ci-rust,1.0.0
cgroup-sys,0.1.1
dis-spawner-tracing,0.1.1
yew-antd,0.1.0
qt_core_custom_events,0.2.0
webkit2gtk-sys,1.1.0
varisat-lrat,0.2.2
sp-phragmen,2.0.0-rc2
pahi-olin,0.2.0
com_logger,0.1.1
pkey-sys,0.1.0
reed-solomon,0.2.1
plrs,0.1.3
generics-util,0.1.0
modor_ui,0.0.1
bbclash,1.1.1
skima,0.1.0
code-rs,1.0.1
lambda-runtime-types,0.6.13
subenum,1.0.1
bedrock-vm,0.2.1
lc3tools-sys,1.0.6-alpha5
atomicfloat,0.1.0
bit-long-vec,0.2.1
typesafe-builders-core,0.5.0
rand_word,0.1.18
hist,0.1.0
libra-config,0.0.0
cargo-unpanic,0.1.0
rincon_test_helper,0.1.0
win32-management,0.1.0
airrohr-mqtt,0.1.0
jencli,0.1.0
swasmi-validation,0.1.0
hciraw,1.0.1
haxcel,0.1.0
xero,0.1.0
susy-ws,0.8.0
hawktracer-rs,0.1.0
transitive_frontier,0.1.1
rust-sc2,1.1.2
susy-jsonrpc-server-utils,10.0.1
dprint-plugin-ebnf,0.1.1
menmos-xecute,0.2.6
convolutions-rs,0.3.4
play-rsa,0.4.1
halo2,0.1.0-beta.2
oauth2-github,0.2.0
inullify,0.1.4
minigrep_robin,0.1.1
lsph,0.1.7
cw721-basic,0.9.2
yellow,0.0.0
happi,0.0.6
cmpchain,0.1.0
acute_app,0.1.3
cluConstData,1.3.0
falion,0.2.0
cardinal-payment-manager,4.0.0
composer,0.2.1
uniwhat,0.2.0
canopen,0.1.0
thue-rs,0.1.1
flutter,0.0.0
hashcow,0.2.0
mathru,0.15.2
iqhttp,0.2.0
depacked,0.2.3
win32-ui,0.1.0
h256only,0.4.1
radicle-registry-client,0.0.0
sparkplug-rs,0.4.0
rasters,0.8.0
csvconv,0.1.0
tiny-rpc-macros,0.3.2
knockknock,1.0.2
leaderboard,0.1.2
asahi-nvram,0.1.0
windows-security,0.23.0
lib3h_persistence_derive,0.0.1-alpha1
libsodium-ffi,0.2.2
ruver,0.1.7
genact,1.2.2
sorcery,0.1.0
sonic,0.6.1
jnix,0.5.0
time_this,0.2.4
weighted_trie,0.1.4
kaiju-vm-core,0.1.4
windows-embedded-sys,0.1.0
waffles-solana-rpc,1.16.0-alpha.10
path-finding,0.8.0
waffles-solana-banks-server,1.16.0-alpha.10
sort-it,0.2.2
windows-foundation-sys,0.1.0
ftml,1.22.1
sc-cli,0.29.0
sort_alogorithms_v010,0.1.0
pallet-session-benchmarking,21.0.0
vale,0.0.0
xorstring-procmacro,0.1.0
sort_method,0.1.0
yew-router-min-macro,0.8.0
event_feed,0.1.0
sphinx-glyph,0.1.2
qualinvest_cli,0.1.4
postgres-extension,0.1.1
sorted_locks_derive,0.1.0
atmospheres,0.0.0
witnet-vanity,0.1.0
nycto,0.1.0
xcore,0.1.3
anchor-viz,0.24.2
tokio-stripe,0.0.0
windows-sys-globalization,0.23.0
dcl-rpc-codegen,0.1.0
xterm,0.0.1
async-scgi,0.1.0
windows-sys-graphics,0.23.0
async_linux_spec_fd,0.1.2
debugid,0.8.0
zebedee-rust,0.4.4
hass-mqtt-proto,0.1.0
projectr,0.4.1
dedup-it,0.1.0
async-panic,0.0.0
doubly,1.1.3
termprompt,0.7.1
dograph,0.8.4
filesystem-kind,0.2.0
ergo-rustkit,0.5.0
ocipkg-cli,0.2.8
libpd-rs,0.1.9
time-tracker,0.1.0
aab,0.1.0
valor,0.0.0-test
yaftp,0.1.2
cythan,0.1.0
kagura,0.14.5
nebula-client,0.7.3
migrations_internals,2.1.0
wedpr_l_crypto_hash_keccak256,1.1.0
laststage,1.0.0
avy,0.0.0
factordb,0.2.0
r2d2_couchdb,0.1.0
substreams-sink-prometheus,0.1.9
mmtf,0.1.1
easygpu,0.5.0
win_ocr,0.1.2
stavec,0.3.0
upgradedb4pg,0.1.0
witx-generate-raw,0.1.1
inquerest,0.3.1
bbq10kbd,0.1.0
facmod-rs,0.7.0-beta
meli,0.7.2
Clig,0.1.1
guild,0.2.1
cargo-semverver,0.34.0
noodles-gtf,0.14.0
boundless,0.0.0
yakui-wgpu,0.2.0
suggest-command-not-found,0.1.7
cli-clipboard,0.4.0
cloud-storage,0.11.1
qz,0.1.0
packedStructNtoken,0.1.0
jss-pest,0.4.2
nxtnote-savefile-format,0.1.7-alpha
simi-macros,0.2.1
failpoints,0.2.0
sidoc,0.1.0
deterministic-zip,0.0.4
obozrenie-gtk,0.1.0
zstd-seekable-s3,0.8.0
denumerable,0.0.0
love_rust,0.3.0
synfuzz,0.1.0
cid_fork_rlay,0.3.1
yew-state,0.5.2
exrng,0.1.2
gudev,0.14.0
include-lines,1.1.2
yggdrasilctl,1.1.0
fatigue,0.2.11
windows-applicationmodel-socialinfo,0.7.0
kqueue,1.0.7
hotswap-runtime,0.2.0
noble-utility,2.0.0
deno_cli,0.23.3
bbqueue-sync,0.5.1
pokeshell,0.1.0
rubric,0.16.0
texture-cache,0.1.0
rusvid_video_encoder,0.2.1
elfo-protocol-core,0.1.0
sputnik,0.4.2
puck_codegen,0.1.0
serde_flat_regex,0.1.2
yaum,0.1.2
gtunnel,0.1.0
rustier-macros,0.1.0
opus-rust,0.1.1
audio-clock,0.2.0
chalk-macros,0.10.0
missing_mpl,0.2.0
oauth2-dropbox,0.2.0
guion,0.5.0-dev1
async-stdout,0.2.0
turtle-lang,0.1.1
axum-jrpc,0.5.1
ra_traits,0.0.1
falsepng,0.1.0
pkix,0.2.1
widow,0.1.0
regreddit,0.2.0
xdg-sys,0.0.0
sierra-proc,0.6.0
ja3-new,0.5.0
ease,0.6.1
tars-stream,0.1.1
mth_calc,0.1.6
gtk4_glium,0.1.1
libraft,0.1.1
sumdir,0.2.0
devpng,0.1.2
reinstall,0.0.0
rammer,0.3.1
signalo_traits,0.5.0
autoit,0.1.2
dockerify,0.0.4
spoolq,0.2.3
efm32,0.0.1
nzsc_single_player_text_interface,0.2.2
kni-rs,0.1.0
protect,1.1.0
literify,0.1.0
confu,0.1.3
i-codegen-code,0.0.3
btreelist,0.5.0
cargo-bom,0.6.5
mangadex-fs,0.2.1
fan,0.1.3
linux_tuples_client,0.1.1
devx1,0.1.0
windows-applicationmodel-wallet,0.7.0
tof10120,0.1.0
capstone3,0.1.0
duckbubble,0.1.2
l1_solver,0.1.0
system-info,0.1.2
whatsapp-export-parser,0.1.0
geeks_event_sourcing_git,0.7.0
woody_bay,0.1.0
evegfx,0.6.0
ppproxy,0.2.2
mapa-macros,0.1.0
clicker-xdo,0.2.2
minmon,0.5.6
xwasm-utils,0.6.2
x96check,0.1.0
firefox-native-manifest,0.1.0
oidc-discovery,0.0.0
cuprate-rpc,0.0.0-placeholder
ktamido_minigrep,0.1.0
ip-part,0.1.1
biodivine-lib-bdd,0.5.1
kv-parser,0.1.0
hulc2envolventecte,2.2.1
pipe_downloader,0.8.2
latex_snippet,0.3.3
acute_transform,0.1.0
oxide_math,0.0.1
zee,0.3.2
acute_script,0.1.0
dune-sign,0.0.0
battleship,1.3.0
zara,1.0.7
rust-openttd-admin,0.2.0
whoareyou,0.1.0
hue-bridge,0.1.0-alpha.2
fire-rs-core,0.2.0
trillium-server-common,0.4.3
lattice_qcd_rs-procedural_macro,0.2.1
nzsc_core,0.2.0
hamt-rs,0.3.0
sgx_tdh,1.1.1
trillium-tokio,0.3.1
sidekiq,0.12.0
crcany,0.0.2
sgx_urts,1.1.1
nv-xml,0.1.3
minigrep_del_noche,0.1.0
sql_reverse,0.1.8
menhirkv,0.4.4
everscale-types-proc,0.1.2
rust-locale,0.1.4
serde06,0.6.0
ruroonga_client,0.5.1
rusoto_docdb,0.48.0
nucleo-f042k6,0.8.0
mobc-arangors,0.2.2
sgx_tkey_exchange,1.1.1
phoenix-common,0.1.0
rarathon,0.0.1
wikidump,0.2.2
hackrf,0.0.1
sgf,0.1.5
winrt-applicationmodel-sys,0.23.0
symbolic-symcache,12.3.0
static-atom,0.1.2
laid,0.0.0
vtables,0.1.0
naom,1.4.0
feed-browser,0.1.2
async-sched,0.0.0
xx-bloomfilter,0.11.1
http-range,0.1.5
rweb-router,0.1.0
xenopeltis-websocket,0.1.0
tags,0.1.0
okapi-operation,0.2.1
beetree,0.0.1
udisks,0.1.0
typstfmt,0.1.0
wasm_macro,0.1.19
load-dotenv,0.1.2
fecs,0.1.0
ship-it,0.0.0
windows-win32-security,0.23.0
mirrorshine,0.1.0
quiver,0.0.1
plumcast,0.1.5
mem_cmp,0.1.4
dioxus-core-macro,0.3.0
liftbridge,0.1.2
rutin-tizen-sys,0.1.0
cargo-quickbuild,0.0.0
starfleit,1.2.0
annealers,0.1.0
zflags,0.1.2
recommender,0.0.1
poddy-cli,0.1.3
kagemeka,0.1.0
foundation-codecs,0.0.0
ndjson,0.2.0
rust_asana,0.1.0
dpdk-alloc,0.0.1
be-generust,0.1.0
ogma,0.1.6
fencing,0.1.0
gpt_tokenizer,0.1.0
toml-example-derive,0.10.0
randomx-rs,1.1.9
shareable,0.1.1
listen,0.1.1
qbar,0.0.0
nebula-graph-fbthrift-meta-v2,0.1.2
logger-rust,0.2.12
randompassword,1.0.0
vale-derive,0.0.0
pir,0.1.0
bcdex-net,0.0.0
ux-animate,0.1.5
vec-rac,0.4.2
annaou,0.1.0
optional-field,0.1.5
spa-server,0.1.0
eventstore-extras,0.1.0
type-operators,0.3.5
unitval-derive,0.2.0
habitat,0.0.0
crypton,0.0.0
math-ast,0.2.0
polar-c-api,0.1.0
microdigit,0.1.0
hutools,0.0.1
inflekt,0.3.0
catsay,0.1.0
leptonica-plumbing,1.0.1
paws-runtime,0.0.0
dynamic_ocl,0.1.0-alpha.1
utils,0.0.3
wxext,0.1.0
regex-dfa-gen,0.1.0
goe-auth,0.0.0
rb,0.4.1
everscale-crypto,0.2.0-pre.2
elaine,1.2.0
audita,0.0.1
tvdb,0.6.0
cargo-go,0.4.4
gusto,0.0.1
cargo-generate-license_impl-license,0.1.0
cargo-kill-all,0.1.3
dual-shock4-controller,0.1.1
audis,0.2.1
xiaokang,0.1.0
hazmat,0.1.0
packing,0.2.0
property,0.4.0-alpha.0
gemstone,0.4.5
audact,0.5.1
yt,0.0.0
litebase,0.0.0
spacebadgers-utils,1.0.0
eligiblereceiver,0.0.5
offset-views,0.1.2
nvm-win,0.0.3
proc-reader,0.5.1
spc-cli,0.1.0
cfx-client,0.1.0
wots,0.1.0
graph-edge-evolution,0.1.0
spwnmsg-core,0.1.1
serde-semver,0.2.1
enquo-core,0.9.1
habitica-cli,0.1.4
cargo-local-pkgs,0.3.2
mailgun_api,0.2.1
further,0.0.0
rust_gps,1.1.2
dccp,0.1.0
dyn-clonable,0.9.0
citp,0.1.0
spec,0.2.0
aragog,0.17.0
zeronet_sign_derive,0.1.9
cyclonedds-rs,0.6.5
sputnikvm,0.11.0-beta.0
artem,2.0.0
gfx_window_vulkan,0.1.0
rdftk_names,0.1.9
nn,0.1.6
nt-apiset,0.1.0
rtps-gen,0.2.0
mytheme,0.0.2
flameshot-rs,1.0.1
nullvec,0.2.0
mscheduler,0.1.0
configgen-rs,0.1.2
