recurring::tests::add_already_existing_error,effectum,0.2.0
metrics::cognitive::tests::python_more_elifs_function,rust-code-analysis,0.0.25
sync::branch::tests_checkout::test_branch_with_slash_in_name,asyncgit,0.24.3
job_registry::tests::disallow_adding_same_job_type_twice,effectum,0.2.0
matcher::node_match::test::test_node_env,ast-grep-core,0.12.1
variables::test_variable_find_in,boreal,0.3.0
query_tests::test_list,dw-query,0.1.0
query_tests::test_return,aw-query,0.1.0
test::can_assert_defines_one_symbol,tree-sitter-stack-graphs,0.7.1
key::test::test_tweak_add_assign_then_tweak_add_check,sapio-secp256k1,0.22.4
blocking::client::tests::test_unrecoverable_server_error,introspector-gadget,0.2.2
test_decimal64_to_number,dec-number-sys,0.0.25
parse::tests::test_cluster_stmt,squawk-parser,0.4.0
lib::api::zenodo::tests::test_upload_no_overwrite_with_remote_files,scidataflow,0.8.0
test_default_flag_is_used_when_no_matching_environment_flag_returned,flagsmith,1.3.0
randapi::wrappers::tests::test_rng,milagro-crypto,0.1.14
v3::writer::writer::test::test_unbound_compressed,oscar-io,0.4.0
trace::tests::test_read_unpack_mstl_mseed3,mseed,0.5.0
metrics::loc::tests::c_blank,rust-code-analysis,0.0.25
xsk233::tests::mul,xs233,0.3.0
key::test::test_addition,grin_secp256k1zkp,0.7.12
h3::directed_edge_to_cells::hexagon,h3o,0.4.0
blocking::client::tests::test_successful_response,introspector-gadget,0.2.2
tests::picnic_l3_fs::keygen,picnic-bindings,0.6.0
metrics::cognitive::tests::rust_1_level_nesting,rust-code-analysis,0.0.25
recurring::tests::update_payload,effectum,0.2.0
posw::posw::tests::test_posw_marlin,snarkvm-dpc,0.8.0
test::test_arch_xcore,capstone,0.11.0
client::client::client_test::client_register_tests::is_rejected_with_when_non_200_is_returned,openid-client,0.0.25-dev
tests::test_random_entropy_pool,xxhrs,2.0.0
drop_writer_incomplete_input_no_loop,brotli2,0.3.2
tile_copier::tests::copy_with_zoom_levels,martin-mbtiles,0.4.0
compression::tests::test_codec_zstd,parquet,46.0.0
ff::tests::test_copy,milagro-crypto,0.1.14
multi_search,aur-rs,0.1.1
practice_stats::test::no_records,trane,0.17.0
issuer::issuer::issuer_tests::issuer_discovery_tests::assigns_discovery_1_0_defaults_2_of_2,openid-client,0.0.25-dev
parser::can_parse_parent_optional_capture,tree-sitter-graph,0.11.0
commands::base_depth::tests::check_depths_deletions::case_2_mate_aware,perbase,0.9.0
metrics::wmc::tests::java_single_interface,rust-code-analysis,0.0.25
input::mouse::test_mouse_down_clicked_released,imgui,0.11.0
color::color16::gray,lexlib,2.0.1
it_creates_large_thumbnails_for_webp,thumbnailer,0.5.1
cursor::test::test_get_dup,lmdb-rkv,0.14.0
h3::is_valid_directed_edge::res3,h3o,0.4.0
tests::contains_correctness,suffix_array,0.5.0
node::routing::test::test_insert_duplicate,radicle,0.2.0
evaluation::test_private_strings,boreal,0.3.0
xdr::c_abi::xdr_seek::tests::test_xdr_tell,molconv,0.2.0
tests::sign_and_verify_fail,tetsy-secp256k1,0.7.0
dec128::tests::from_i64,decimal,2.1.0
tests::test_low_r,secp256k1,0.27.0
test_apply_to_output,flips,0.2.1
options::set::tests::test_options_can_be_set_in_git_config,imuxin-delta-lib,0.0.2
languages::java::test::finds_names_via_super,aws-fully-qualified-names,2.1.2
h3::cell_to_center_child::res4,h3o,0.4.0
math::test_math_abs,boreal,0.3.0
send_empty_message,tmq,0.4.0
test_higher_layers,adenosine,0.4.0
metrics::npa::tests::java_interface,rust-code-analysis,0.0.25
tests::test_callback_argn_variants,quick-js,0.4.1
parse::tests::test_parse_create_schema_stmt,squawk-parser,0.4.0
tileflags_ddnet_dir,twmap,0.10.0
nodes::can_create_pop_symbol_node,tree-sitter-stack-graphs,0.7.1
tests::test_can_load_grammar,tree-sitter-smithy,0.0.1
h3::edge_length_rads::hexagon_res2,h3o,0.4.0
test_basic,r2d2-sqlite3,0.1.1
local_queue::tests::checkpoint,effectum,0.2.0
identify::rust_ident::tests::should_parse_for_trait_impl,guarding_ident,0.2.7
tests::picnic3_l1::dynamic_sign_and_verify,picnic-bindings,0.6.0
tests::lsm_whole_rust_bindings_multiple_compressed_lz4_non_optimized_dbs,lsmlite-rs,0.1.0
parser_tests::parse_field_access1,luau-ast-rs,0.1.29
h3::is_valid_cell::deleted_subsequence_pentagon1,h3o,0.4.0
tests::test_low_s,parity-secp256k1,0.7.0
tests::unsat,kissat,0.1.0
parameter_index,sqlite-bindings-lunatic,0.30.4
client::client::client_test::client_register_tests::with_key_store_as_an_option::enriches_the_registration_with_jwks_if_not_provided_or_jwks_uri,openid-client,0.0.25-dev
definitions::ddd::tests::test_valid_ddd_97,brasilapi-client,0.2.2
qteslapiii::test::test_sign_detached,pqcrypto-qtesla,0.1.1
git::tests::test_git__init__valid_repo,eureka,2.0.0
write::dbz::tests::test_encode_decode_trade_identity,dbz-lib,0.2.2
test_overlapping,wfc-rs,0.6.1
tests::picnic3_l5::vk_match,picnic-bindings,0.6.0
tests::conversion::hash_set,ducc,0.1.5
bf16::tests::bf16_signaling,softfloat-wrapper,0.3.4
hash_64_from_str_lipsum,cityhash-sys,1.0.5
testnet3::test_powers_of_beta_28_usrs,snarkvm-parameters,0.14.6
repository_manager::test::add_existing_file,trane,0.17.0
tests::random_small,flate2-crc,0.1.2
aggregation::tests::test_aggregate_sig,atms,0.1.0
ff::overloading::tests::plus_assign_test,milagro-crypto,0.1.14
tests::test_can_load_grammar,tree-sitter-puppet,1.2.0
test::test_random_legacy_leading_zeroes_001_ecdsa,ethereum-tx-sign,6.1.2
sign_ext_dalek_donna,trezor-crypto-lib,0.1.1
reflection::tests::test_rest_props,quickjs_runtime,0.11.5
it_can_fingerprint_a_simple_statement,pg_query,0.8.2
handshake_with_pool_multithread,s2n-tls-tokio,0.0.38
it_parses_bit_strings_hex_notation,pg_query,0.8.2
h3::cell_to_center_child::res0,h3o,0.4.0
execution::can_create_empty_list_capture,tree-sitter-graph,0.11.0
kats_picnic_l3_fs,libpicnic-sys,0.1.0+3.0.18
tests::test_aegis_tag256,aegis,0.4.4
matcher::pattern::test::test_return,ast-grep-core,0.12.1
range_proof::tests::create_and_verify_n_32_m_2,bulletproofs,4.0.0
succeeds_when_given_good_params,obex,0.2.0
tests::test_render,katex,0.4.6
lazy_execution::can_use_global_variable,tree-sitter-graph,0.11.0
tests::translate_poor,dictcc-cli,0.2.0
local_queue::tests::run_future_job,effectum,0.2.0
tests::get_feed_latest_sequence_works,ssb-db,0.1.7
h3::edge_length_km::pentagon_res14,h3o,0.4.0
modules::test_module_time,boreal,0.3.0
replacer::template::test::test_single_env,ast-grep-core,0.12.1
tests::invalid_pubkey,grin_secp256k1zkp,0.7.12
test_decimal64_decomposition,dec,0.4.8
h3::cell_to_boundary::cos_lng_constrain,h3o,0.4.0
sync::rebase::test_conflict_free_rebase::test_smoke,asyncgit,0.24.3
test_standard_notation_dec_128,dec,0.4.8
edges::can_create_edges,tree-sitter-stack-graphs,0.7.1
it_deparses_SELECT_ARRAY,pg_query,0.8.2
math::test_math_mean,boreal,0.3.0
supported_languages::javascript::tests::async_method,senior,0.1.1
argon2id_v13::case_32,argon2-sys,0.1.0
tests::test_http_delete,crimp,4087.0.0
tests::id_test,nostr-nostd,0.2.1
tests::eval_string_number_integral,duk,0.3.0
test::test_random_access_list_transaction_003_ecdsa,ethereum-tx-sign,6.1.2
fixedbitset_api::tests::bitor_assign_shorter,bitmagic,0.2.4+bitmagic.7.7.7
tests::util::test_protect_duktape_closure_err,brioche-ducc,0.1.2-brioche
tests::picnic_l1_full::dynamic_keygen,picnic-bindings,0.6.0
files_not_changed_between_2_commits,git-meta,0.6.0
tests::test_code_aperiodicity,rsworld-sys,0.1.0
activities::facebook::primary_public_location::tests::test_primary_public_location_v2,excavator,0.4.0
tests::function::double_drop_rust_function,ducc,0.1.5
add_job::tests::add_job,effectum,0.2.0
load_file,tinylj,0.1.3
repository_manager::test::add_duplicate,trane,0.17.0
extkey_bip32::tests::test_vector_1,aigc_keychain,5.1.2
config::tests::test_get_config_empty,git-hook-commit-ref,1.4.1
value::array::test::into_iter,rquickjs-core,0.4.0-beta.4
direction::tests::iter_directions_over_resolutions_cell,h3ron,0.17.0
metrics::npa::tests::java_nested_inner_classes,rust-code-analysis,0.0.25
arch::sparc::test::sparc_size_and_alignment,ep-capstone,0.2.0
metrics::cognitive::tests::python_no_cognitive,rust-code-analysis,0.0.25
h3::edge_length_rads::hexagon_res12,h3o,0.4.0
tests::compress_slice,absperf-minilzo,0.3.4
tests::it_works,dukt,0.1.0
tests::it_correctly_converts_to_string_for_delete_tests,pg_parse,0.11.0
sync::staging::discard_tracked::test::test_discard,asyncgit,0.24.3
local_queue::tests::worker_gets_pending_jobs_when_starting,effectum,0.2.0
dec128::tests::test_sum,decimal_fixes_mirror,2.0.4-fix1.0.0
ffi::test_sphincsharaka192srobust_clean::test_ffi,pqcrypto-sphincsplus,0.6.4
tests::basic_recoding,xdelta3,0.1.5
transcoding::transcoding_tests::test_transcoder_get_tex_format,basis-universal,0.3.0
test::test_arch_arm64,capstone,0.11.0
parser_tests::test_type_optional_nest,luau-ast-rs,0.1.29
archive::unit::test_files_round_trip,bufkit-data,0.22.1
it_finds_nested_tables_in_a_subselect_in_a_JOIN_condition,pg_query,0.8.2
nul_in_header_value,picohttpparser-sys,1.0.0
tests::encode_xz,smush,0.1.5
recovery_record,unrar,0.5.1
h3::cell_to_boundary::pentagon_res12,h3o,0.4.0
it_correctly_categorizes_CTEs_after_UNION_SELECT,pg_query,0.8.2
test_rewrite::git_store,jujube-lib,0.1.1
h3::cell_area_m2::hexagon_res7,h3o,0.4.0
tests::host::host_err,twasmi,0.6.2
commands::base_depth::tests::check_depths::case_5_mate_unaware_bq,perbase,0.9.0
tests::scopes_do_drop_things,rlua-async,0.5.0
tests::tree::test_replay_to_pass_proof,sparse-merkle-tree,0.6.1
sqlite::update_entry,tui-journal,0.3.1
delta::test_create_apply,flips,0.2.1
app::core::core_test::test_file_processor_failed,med_core,0.6.4
next_index,sqlite-bindings-lunatic,0.30.4
parse::tests::test_load_stmt,squawk-parser,0.4.0
ext::temp,lcms2,6.0.0
routes::tests::test_format,genetic-algorithm-tsp,0.1.3
supports_look_ahead,ecma_regex,0.0.2
commands::base_depth::tests::check_deletions::case_4_mate_aware_bq,perbase,0.9.0
test_highway::test_highwayhash64,highwayhash,0.0.14
ffi::test_kyber102490s_clean::test_ffi,pqcrypto-kyber,0.7.6
mceliece460896::test::test_kem,pqcrypto-classicmceliece,0.1.7
keychain::test::test_key_derivation,stack_epic_keychain,3.4.2
local_queue::tests::shutdown,effectum,0.2.0
