systemd-rs,0.1.7
bonfida-test-utils,0.3.10
misitebao,1.1.0
rust_xlsxwriter,0.49.0
egg,0.9.5
sirp,0.1.1
nodemad,0.1.0
orset,0.2.0
jsonpath-rust,0.3.1
logaddexp,0.1.2
cargo-features-manager,0.3.3
no-adjacent,0.1.1
aleph-bft,0.20.5
anndata,0.2.0
tokio-rustls,0.24.1
bolero-afl,0.9.0
i-slint-backend-qt,1.2.1
confidential_identity_v1,1.1.2
sipcore,0.0.2
siwa,0.1.2
pilota,0.8.1
serde_spanned,0.6.3
spdx-rs,0.5.5
iftree,1.0.4
signal-msg,0.2.1
nonbiri,0.1.0
aleph-bft-crypto,0.6.0
mediatype,0.19.15
abstract-sdk,0.19.0-rc.1
gemm-c32,0.15.4
memory-module-sys,0.3.0
sierra,0.6.0
mutnet,0.1.0
aleph-bft-rmc,0.6.1
docker-compose-runner,0.2.0
lucia,0.5.0
llvm-plugin-inkwell,0.3.0
sha-crypt,0.5.0
mqtt2influxdb,0.1.2
dump_syms,2.2.2
valuable-serde,0.1.0
influxive-child-svc,0.0.1-alpha.11
prowl,0.2.5
nhl-api-client,0.1.11
ni_ce,0.1.0
dirs-next,2.0.0
nflog,0.9.0
lassie,0.6.0
grid_search_cardinal_common,0.3.1
croaring,1.0.0
tokio-etcd-lock,0.0.1-alpha.11
xls_table_derive,0.6.5
grass_compiler,0.13.0
tower-filter,0.0.0
funcfmt,0.3.0
slint-viewer,1.2.1
json-surf,0.9.0
ex3-serde,0.15.0
stratisd_proc_macros,0.2.1
rustc_utils,0.7.1-nightly-2023-08-25
rafx,0.0.14
ryuji-rust,0.0.1
amq-protocol-types,7.1.2
petname,2.0.0-alpha.2
rusoto_ssm,0.48.0
async-backtrace-attributes,0.2.6
cw20-legacy,0.2.0
actix-governor,0.4.1
udev-dl,0.0.1
unhtml_derive,0.8.0
polyhorn-macros,0.4.0
const-str,0.5.6
non-dominated-sort,0.3.1
pigpio-sys,0.1.1
lib-rv32-asm,0.2.0
valuable,0.1.0
narc_hal,0.1.3
pma-mako,0.1.0
ptero-cli,0.4.2
dyn,0.0.0
mancala,0.1.0
ofo,0.1.0
ncsisc,0.2.5
cmp-manager,0.0.1
ksni,0.2.1
rfc-manager,0.0.1
nano_arena,0.5.2
obj-c,0.0.0
cell-collections,0.1.0
kuma,0.1.0
okuk,0.1.0
serde-scale,0.2.2
hedera-proto,0.8.1
terra-rust-wallet,1.1.5
phf,0.11.2
dotenv_macros,0.10.0
unicode-normalization,0.1.22
angsd-io-core,0.1.0
pfc-tester,0.1.3
wgpu_text,0.8.3
endorphin,0.1.9
oscq_rs,0.0.3
sm3,0.4.2
confargs,0.1.3
http-cache-reqwest,0.11.1
google-servicebroker1-cli,3.1.0+20190624
truncnorm,0.5.1
hamt,0.2.0
yew-style-in-rs,0.4.1
lunatic-process-api,0.13.2
merkle_hash,3.5.0
sheets,0.7.0
rusoto_ecs,0.48.0
trait-set,0.3.0
pi_wy_rng,0.1.0
npm_rs,1.0.0
google-runtimeconfig1-cli,3.0.0+20220228
tiny-keccak,2.0.2
uiautomation,0.6.3
huelib2,0.13.3
polkadot-node-subsystem,2.0.0
postal_api,0.2.1
wasmer-runtime-core,0.17.1
ragegun,0.2.2
google-tasks1-cli,3.1.0+20220305
ohash,0.1.0
uiautomation_derive,0.2.14
wasm-quicksort-example,0.0.1
libp2p-swarm-derive,0.33.0
lazy-regex,3.0.2
wdi,0.1.0
ics,0.5.8
rusoto_redshift,0.48.0
wham,1.1.3
phoenix-core,0.20.0-rc.0
bytes-cast-derive,0.2.0
cargo_gn,0.0.15
r2d2_sqlite,0.22.0
html-query-ast,0.1.1
trackr_derive,0.1.1
ad-hoc-iterator,0.2.3
cces,0.1.2
risc0-zkvm-circuit-sys,0.11.1
yew-consent,0.1.1
evdev-shortcut,0.1.4
y4m,0.8.0
codspeed-bencher-compat,2.2.0
wasmer-object,4.2.0
extensions,0.2.0
google-firebaseappcheck1_beta-cli,3.1.0+20220225
rs_hmac,0.1.2
kvdb-web,0.9.0
quil-rs,0.21.2
stabby-abi,1.0.10
envr,0.1.2
google-cloudscheduler1_beta1-cli,3.1.0+20220212
redpallas,0.0.0
magnesium-engine,0.0.2
soldeer,0.1.2
mini_exercism,1.0.0
rust_project_demo,0.1.0
litrs,0.4.0
sozu-command-lib,0.15.4
teloc,0.2.0
nom-pdb,0.0.9
looking-glass-derive,0.1.1
ffpb,0.1.1
cargo-packager-config,0.0.0
serve-dav,0.1.4
tea_render,0.1.1
sozu,0.15.4
crab-hello,0.1.0
pry,0.1.0
rebase_witness_sdk,0.1.2
badge,0.3.0
hytra,0.1.2
google-adexchangebuyer2_v2_beta1-cli,3.1.0+20220307
ctap-hid-fido2,3.5.0
miniquad_text_rusttype,0.1.2
mimallocator,0.1.3
s2protocol,2.0.0
fluvio-controlplane-metadata,0.23.0
gstreamer-gl,0.21.0
mojom-lsp,0.1.2
persentage_calculator,0.1.4
disasm6502,0.2.2
tracing-glog,0.3.0
as-bytes,0.2.0
proc-macro-crate,1.3.1
nis1-crypto,0.1.1-alpha.2
google-identitytoolkit3-cli,3.1.0+20180723
type-protocol,0.1.0
pyxis-fs-common,0.1.0
btoi,0.4.3
fallible-iterator,0.3.0
rustc-test-workspace-core,1.0.0
lib-lexin,0.1.1
typesense_derive,0.1.0
google-cloudfunctions1-cli,3.1.0+20220224
s-tree,0.3.0
opentalk-module-protocol,0.0.0
bee-rs,0.1.0
winevent,0.0.1
nat,0.0.0
cargo-deb,2.0.0-rc.1
proptest,1.2.0
try-partialord,0.1.3
tiny-artnet-bytes-no-atomic,1.2.2
message-io,0.18.0
penrose,0.3.3
block_kit,0.1.0
lazy_async_pool,0.3.3
fltk-evented,0.4.1
blitzar-sys,0.2.3
hyong8023_art,0.1.1
wasmtime-cli,12.0.2
iroh-bytes,0.6.0-alpha.1
iroh-test,0.6.0-alpha.1
sqlx-error,0.4.0
cargo-change,0.1.0
floydrivest,0.2.4
ash-molten,0.15.0+1.2.2
genetic_algorithms,1.0.1
wireguard-control-sys,1.5.0
suid,1.0.0
wasmer-compiler,4.2.0
bidi,0.1.1
wasmedge-wasi-helper,0.2.0
modality-ingest-client,0.3.0
clap_flags,0.5.0
inlinable_string,0.1.15
cbloom,0.1.3
rsor,0.1.3
filecoin-hashers,11.0.0
overload,0.1.1
maybe-string,0.1.0
tetsy-kvdb-memorydb,0.9.1
want,0.3.1
wow_vanilla_dbc,0.1.1
inotify-sys,0.1.5
modality-ingest-protocol,0.2.0
pathsearch,0.2.0
hv-cell,0.1.0
zcash_history,0.3.0
tdn_types,0.10.0
mc-sgx-dcap-ql-sys,0.7.5
pallet-assets-chain-extension,0.1.1
ast_node,0.9.5
noise-protocol,0.2.0-rc1
gzip-cmp,0.1.0
concrete-utils,0.2.0
tame-oauth,0.9.3
weathernoaa,0.2.0
cmd_wrk_macros,0.0.1
libset,0.1.2
html-to-react,0.5.2
cbrzn_msgpack,0.0.1-alpha.2
tetris-cli,23.96.1
rust-pulsectl-fork,0.2.12
lurk-ipld-core,0.3.0
sana,0.1.1
rustpiet,0.1.1
associated-derive,0.1.1
yew-material,0.1.0
safe_arch,0.7.1
xmas-elf,0.9.0
rust-speedb,0.0.6
staticfile,0.5.0
bevy_text_popup,0.1.0
modality-plugin-utils,0.2.0
starknet-curve,0.4.0
plugy-core,0.2.1
lisp-rs,0.3.5
spl-discriminator-syn,0.1.0
plugy-macros,0.2.1
gles31,1.0.1
swc_relay,0.20.0
secpass,0.2.0
croncat-sdk-factory,1.0.3
orbtk,0.3.1-alpha4
swc_emotion,0.48.0
swc_constify,0.12.0
symphonia-utils-xiph,0.5.3
sphere,0.3.0
simd-abstraction,0.7.1
styled_jsx,0.49.0
atomic_ref,0.2.1
macho,0.4.1
ddnspod,0.1.3
google-commentanalyzer1_alpha1-cli,3.1.0+20200405
reiterate,0.1.3
styled_components,0.72.0
google-dataplex1-cli,3.1.0+20220223
google-cloudkms1_beta1-cli,3.1.0+20170515
parameterized_test,0.2.1
auto_enumerate_core,0.2.0
interactive-parse,0.1.5
trecs,0.1.3
zkwasm,0.1.0
iaith,0.0.4-beta.1
fast-unicode-general-category,1.0.1
nydus-blobfs,0.2.0
ipaddress,0.1.3
streamer,0.1.2
cylinder,0.3.0
yew_form_derive,0.1.7
modularize_imports,0.45.0
syn-helpers,0.4.5
ouroboros_macro,0.18.0
tracing-fluent-assertions,0.3.0
prima_datadog,0.5.0
janetrs_version,0.1.0
GSL-sys,3.0.0
wasm-bindgen-gc,0.2.34