sync::cred::tests::test_extract_username_from_repo,asyncgit,0.24.3
test::check_rate_limited_and_update_with_async_redis,limitador,0.5.0
tests::query_tests::test_subset_proof_verification,grovedb,1.0.0-rc.1
ln::reorg_tests::test_set_outpoints_partial_claiming,lightning,0.0.116
mceliece6688128::test::test_kem,pqcrypto-classicmceliece,0.1.7
app::components::filetree::tests::enter_opens_when_over_dir,projectable,1.3.0
tests::host::two_envs_one_externals,twasmi,0.6.2
tree::encoding::tests::encode_loaded_tree,grovedb-merk,1.0.0-rc.1
service::init::tests::program_files_exist,crame,0.1.1
ffi::test_sphincssha256256fsimple_clean::test_ffi,pqcrypto-sphincsplus,0.6.4
repository::tests::issue_with_message,libgitdit,0.5.0
elf::test_coverage_elf32_sharedobj,boreal,0.3.0
routing::router::tests::exact_fee_liquidity_limit,lightning,0.0.116
batch::single_sum_item_insert_cost_tests::tests::test_batch_one_insert_sum_item_cost_right_below_value_required_cost_of_2,grovedb,1.0.0-rc.1
integration_test::test_ns_up_wrappers_in_up,autocxx-integration-tests,0.26.0
api::tests::email::update_tracking_valid,infobip_sdk,0.5.2
tests::checks_keys_existance,gitmap,0.1.0
rust_tables::tests::reading_vec_works,hlua,0.4.1
print::cloud_print::test::test_warning_output,ast-grep,0.12.1
tests::rst_title,cli-diary,0.7.0
tree::walk::test::walk_stored,grovedb-merk,1.0.0-rc.1
routing::gossip::tests::handling_network_update,lightning,0.0.116
issuer::issuer::issuer_tests::issuer_discovery_tests::is_rejected_with_when_non_200_is_returned,openid-client,0.0.25-dev
constraint::symmetric::tests::in_3d,slvs,0.6.0
ln::functional_tests::test_drop_messages_peer_disconnect_a,lightning,0.0.116
proofs::tree::test::visit_nodes,grovedb-merk,1.0.0-rc.1
sync::hooks::tests::test_pre_commit_fail_bare,asyncgit,0.24.3
integration_test::test_give_pod_by_up,autocxx-integration-tests,0.26.0
ln::msgs::tests::encoding_shutdown,lightning,0.0.116
remote_address,idcurl,0.4.3
repo::tests::snapshot_snapshot_config_snapshotbranch,git-snapshot,0.1.1
hasher::tests::test_verify_hash,argon2-kdf,1.3.0
ntrulpr953::test::test_kem,pqcrypto-ntruprime,0.1.6
tests::test_fuzz,binaryen-sys,0.12.0
commands::base_depth::tests::check_insertions::case_6_mate_aware_bq,perbase,0.9.0
starts_with_test,aur-rs,0.1.1
ffi::test_frodokem1344aes_clean::test_ffi,pqcrypto-frodo,0.4.11
ffi::test_ntruhps4096821_clean::test_ffi,pqcrypto-ntru,0.5.8
test_write_batch_with_serialized_data,speedb,0.0.3
ln::chanmon_update_fail_tests::test_monitor_and_persister_update_fail,rgb-lightning,0.0.1
javascript::tests::test_can_load_grammar,pepegsitter,0.1.0
languages::elixir::tests::grammar_loading,inkjet,0.8.0
test_tree_sitter_query,tree-sitter-grep,0.1.0
integration_test::test_union_nonpod,autocxx-integration-tests,0.26.0
ln::chanmon_update_fail_tests::test_monitor_update_fail_claim,lightning,0.0.116
rocksdb::tests::test_batch_op_with_category,cita-database,0.5.1
tests::encrypt_v1_large_str,snailcrypt,0.3.0
test_divergent::git_store,jujube-lib,0.1.1
test_query_inline,tree-sitter-grep,0.1.0
ln::functional_tests::test_payment_with_custom_min_cltv_expiry_delta,lightning,0.0.116
noise::tests::test_bad_messages,revault_net,0.3.0
sphincssha256128srobust::test::test_sign,pqcrypto-sphincsplus,0.6.4
chain::chainmonitor::tests::test_async_ooo_offchain_updates,rgb-lightning,0.0.1
torch::serialize::tests::ser_de_tokens_0d_u32_tensor,relearn,0.3.1
sync::stash::tests::test_stash_apply_conflict,asyncgit,0.24.3
offers::offer::tests::builds_offer_with_features,lightning,0.0.116
torch::optimizers::coptimizer::coptimizer::rms_prop_optimizes_quadratic,relearn,0.3.1
argon2i_v10::case_6,argon2-sys,0.1.0
sphincssha256256fsimple::test::test_sign,pqcrypto-sphincsplus,0.6.4
input::mouse::test_mouse_double_click,arcdps-imgui,0.8.0
validate_wasm::tests::must_validate_successfully_if_no_import_section_found,cargo-eosiocontract,0.17.0
argon2i_v13::case_14,argon2-sys,0.1.0
basic_multi_key::mapx_raw::test::test_iter_op_with_key_prefix,vsdb,0.61.0
commands::only_depth::tests::check_depths::case_3_vanilla_mate_fix,perbase,0.9.0
test::test_arch_sparc,capstone,0.11.0
ln::functional_tests::channel_monitor_network_test,rgb-lightning,0.0.1
app::components::filetree::tests::can_jump_up_by_three,projectable,1.3.0
test_fasttext_predict_on_words,fasttext,0.7.8
spaces::test_derive::unnamed::feature_space::b::tensor_batch_features_out_zeroed,relearn,0.3.1
value::module::test::from_rust_def_eval,rquickjs-core,0.4.0-beta.4
ln::functional_tests::test_chan_reserve_dust_inbound_htlcs_outbound_chan,rgb-lightning,0.0.1
knet::tests::test_cb,knetrs,0.1.1
api::tests::whatsapp::send_template_valid,infobip_sdk,0.5.2
integration_test::test_string_make_unique,autocxx-integration-tests,0.26.0
config::tests::test_get_config_without_branches,git-hook-commit-ref,1.4.1
load_file,tinylj,0.1.3
spaces::nonempty_features::feature_space::wrap_singleton::b::tensor_batch_features_out_nonzero,relearn,0.3.1
test_pdf_from_scratch,qpdf,0.1.6
operations::get::query::tests::test_query_raw_keys_options_with_subquery_and_subquery_path,grovedb,1.0.0-rc.1
languages::ini::tests::grammar_loading,inkjet,0.8.0
ln::chanmon_update_fail_tests::test_permanent_error_during_handling_shutdown,rgb-lightning,0.0.1
ln::msgs::tests::encoding_funding_signed,lightning,0.0.116
test_cpp,tree-sitter-grep,0.1.0
test_dockerfile,tree_sitter_lint_tree-sitter-grep,0.1.0
multi_get,rocksdb,0.21.0
basic_cases,vsdb_core,0.61.0
tree::encoding::tests::encode_modified_tree,grovedb-merk,1.0.0-rc.1
argon2i_v10::case_4,argon2-sys,0.1.0
chain::channelmonitor::tests::test_prune_preimages,lightning,0.0.116
swift::test_swift_str,ast-grep-language,0.12.1
ffi::test_ntrulpr761_clean::test_ffi,pqcrypto-ntruprime,0.1.6
ln::functional_tests::bolt2_open_channel_sending_node_checks_part1,rgb-lightning,0.0.1
value::function::test::call_js_fn_with_this_and_1_arg_and_return,rquickjs-core,0.4.0-beta.4
h3::h3_to_string::edge_index_res12,h3o,0.4.0
passes_params,tinkoff-bank,0.1.0
ln::functional_tests::test_update_fulfill_htlc_bolt2_update_fail_htlc_before_commitment,rgb-lightning,0.0.1
integration_test::test_conflicting_methods_in_ns,autocxx-integration-tests,0.26.0
tests::verify_commit_msg_summary_success_1,git-journal,1.8.1
api::tests::email::delete_domain_valid,infobip_sdk,0.5.2
prefix_extract_and_iterate_test,rocksdb,0.21.0
spaces::boolean::feature_space::false_::tensor_features_out_nonzero,relearn,0.3.1
repo_analyzer::tests::test_analyze,codealong,0.1.1
tests::test_endpoints::test_account_tokens::test_account_tokens::test_account_tokens_success,solscan-api,0.1.2
integration_test::test_copy_and_move_constructor_moveit,autocxx-integration-tests,0.26.0
repo::tests::snapshot_remote_config_snapshotbranch,git-snapshot,0.1.1
test_query_file_short_option,tree_sitter_lint_tree-sitter-grep,0.1.0
tests::host::modify_mem_with_host_funcs,patract-wasmi,0.9.1
ntruhps2048509::test::test_kem,pqcrypto-ntru-wasi,0.5.11
util::message_signing::test::test_recover_pk,lightning,0.0.116
spaces::option::feature_space::singleton::batch::tensor_batch_features_out_zeroed,relearn,0.3.1
routing::scoring::tests::constant_penalty_outside_liquidity_bounds,rgb-lightning,0.0.1
tests::test_endpoints::test_block_transaction::test_block_transaction::test_block_transaction_success,solscan-api,0.1.2
integration_test::test_abstract_nested_type,autocxx-integration-tests,0.26.0
offers::invoice_request::tests::builds_invoice_request_with_chain,rgb-lightning,0.0.1
tree::ops::test::insert_updated_single,grovedb-merk,1.0.0-rc.1
integration_test::test_class_having_protected_method,autocxx-integration-tests,0.26.0
basic::vecx_raw::test::test_last,vsdb,0.61.0
integration_test::test_array_trouble1,autocxx-integration-tests,0.26.0
languages::c::tests::grammar_loading,inkjet,0.8.0
basic_multi_key::mapx_rawkey::test::test_iter_op,vsdb,0.61.0
test_backup_on_in_memory,oxigraph,0.3.19
diff::test::test_diff_head_commit_not_found_error,depdive,0.1.0
falcon1024::test::test_sign,pqcrypto-falcon-wasi,0.2.14
pkgdata::tests::pkgdata_simple_should_work,rustympkglib,0.1.1
spaces::array::feature_space::empty::f::tensor_features_out_zeroed,relearn,0.3.1
ln::outbound_payment::tests::fails_paying_after_expiration,lightning,0.0.116
git_store::tests::overlapping_git_commit_id,jujube-lib,0.1.1
db_options::tests::test_set_memtable_factory,speedb,0.0.3
tests::can_be_created_in_child_path,cargo-git-open,0.0.8
integration_test::test_sizes_and_alignment_pod,autocxx-integration-tests,0.26.0
falcon1024::test::test_sign_detached,pqcrypto-falcon-wasi,0.2.14
integration_test::test_negative_take_as_pod_with_destructor,autocxx-integration-tests,0.26.0
torch::modules::chain::tests::gru_mlp_gradient_descent::case_1_seq_serial,relearn,0.3.1
offers::invoice::tests::builds_invoice_with_allow_mpp,lightning,0.0.116
wrapper::tests::test_from_file,gme,0.1.2
onion_message::functional_tests::many_hops,lightning,0.0.116
