tests::sign,aigc_secp256k1zkp,0.7.12
tests::gen_uplc::acceptance_test_12_filter_even,aiken-project,1.0.16-alpha
aoj::client::tests::test_users,algorithm-problem-client,0.6.0
aoj::client::tests::problems,algorithm-problem-client,0.6.0
context::test_one_context,arcdps-imgui,0.8.0
hasher::tests::test_verify_incorrect_auth_string,argon2-kdf,1.3.0
traversal::test::test_post_order_visitor,ast-grep-core,0.12.1
sync::merge::tests::test_smoke,asyncgit,0.24.3
sync::branch::merge_commit::test::test_merge_normal_non_ff,asyncgit,0.24.3
sync::ignore::tests::test_ignore_ignore,asyncgit,0.24.3
sync::diff::tests::test_hunks,asyncgit,0.24.3
sync::branch::tests_checkout::test_multiple,asyncgit,0.24.3
ctx::tests::verify_json_decode_invalid,authoscope,0.8.1
tests::crypto_tests::test_signed_plaintext,bc-envelope,0.5.0
fixedbitset_api::tests::bitor_first_larger,bitmagic,0.2.4+bitmagic.7.7.7
fixedbitset_api::tests::display_trait,bitmagic,0.2.4+bitmagic.7.7.7
test::test_finalize_twice_panics_blake2s,blake2_c,0.3.3
macho::test_coverage_macho_ppc,boreal,0.3.0
regex::test_regex_anchors,boreal,0.3.0
evaluation::test_eval_var_count_in_range,boreal,0.3.0
libyara_compat::rules::test_defined,boreal,0.3.0
math::test_math_serial_correlation,boreal,0.3.0
definitions::banks::tests::test_valid_banco_do_brasil,brasilapi-client,0.2.2
tests::function::rust_function_error,brioche-ducc,0.1.2-brioche
raw::tests::decompress_error,brotli2,0.3.2
tests::bad_ref_usage,c-closures,0.3.1
test::test_arch_arm,capstone,0.11.0
tests::test_mmr::test_random_mmr,ckb-merkle-mountain-range,0.6.0
tests::test_mmr::test_mmr_first_elem_proof,ckb-merkle-mountain-range,0.6.0
ops::new::test::new_fail_second_time,cli-diary,0.7.0
repo_config::tests::test_from_dir_without_config,codealong,0.1.1
end2end_complex_resize,cursive-multiplex,0.6.0
datasource::physical_plan::json::tests::nd_json_exec_file_mixed_order_projection::case_3,datafusion,31.0.0
test_i64_to_decimal128,dec,0.4.8
test_dec_context_decimal_128_002,dec-number-sys,0.0.25
test_dec_number_is_negative,dec-number-sys,0.0.25
test_decimal128_from_number,dec-number-sys,0.0.25
tests::conversion::option,ducc,0.1.5
compression::tests::test_read_bzip2,entab,0.3.1
key::test::invalid_secret_key,eth-secp256k1,0.5.7
key::test::pubkey_add,eth-secp256k1,0.5.7
test::test_random_legacy_004_ecdsa,ethereum-tx-sign,6.1.2
program_access::tests::test_program_access__get_if_available__success,eureka,2.0.0
parse_671c53b1,fap,0.2.1
resolve::tests::resolve_url_not_found,fixred,1.1.3
flagsmith::tests::polling_thread_updates_environment_on_each_refresh,flagsmith,1.3.0
test_get_environment_flags_calls_api_when_no_local_environment,flagsmith,1.3.0
flagsmith_async::tests::polling_thread_updates_environment_on_each_refresh,flagsmith-async,1.0.4
test_create_identical,flips,0.2.1
version::test::version,fluidlite,0.2.1
options::get::tests::test_get_themes_from_config,git-delta-lib,0.0.1
util::tests::default_value,git-snapshot,0.1.1
tests::provides_current_branch,gitmap,0.1.0
test_compress,gmod-lzma,1.0.1
key::test::pubkey_hash,grin_secp256k1zkp,0.7.12
schnorr::tests::test_should_return_err_when_ecdsa_signature_is_invalid_for_msg,guilospanck-nostr-sdk,0.1.0
h3::cell_to_children_size::same_resolution_pentagon,h3o,0.4.0
h3::is_pentagon::pentagon_res7,h3o,0.4.0
h3::get_hexagon_area_avg_rads2::res5,h3o,0.4.0
h3::is_pentagon::pentagon_res12,h3o,0.4.0
h3::h3_to_string::cell_index_res12,h3o,0.4.0
h3::compact_cells::duplicate,h3o,0.4.0
test_hmac_sha256,hacl-star,0.1.0
list_clipper::iterator_usage,imgui,0.11.0
api::tests::email::get_domain_valid,infobip_sdk,0.5.2
api::tests::whatsapp::send_document_valid,infobip_sdk,0.5.2
ser::tests::write_enum_tuple_variant,kg-js,0.8.4
profile::unwind_safety,lcms2,6.0.0
tests::get_all_pbs_works,lcode,0.1.1
test::file_not_found,libfastdl,0.2.0
util::taproot::test::control_block_verify,litcoin,0.28.1
tests::for_loop,llama,0.14.2
environment::test::test_open_db,lmdb,0.8.0
transaction::test::test_concurrent_writers,lmdb,0.8.0
environment::test::test_sync,lmdb-rkv,0.14.0
tests::lsm_whole_rust_bindings_multiple_compressed_lz4_non_optimized_dbs,lsmlite-rs,0.1.0
compile::fibonacci,lucetc,0.6.1
tests::aligner_builder,minimap2,0.1.16+minimap2.2.26
tests::test_builder,minimap2,0.1.16+minimap2.2.26
tests::mapopt,minimap2-sys,0.1.16+minimap2.2.26
pattern::tests::test_matches,mogglo,0.1.1
event::tests::create,nostr-db,0.4.2
metrics::tests::metrics,nostr-extensions,0.4.2
tests::test_note_with_tag,nostr-nostd,0.2.1
issuer::issuer::issuer_tests::issuer_instance_tests::rejects_when_no_matching_key_is_found,openid-client,0.0.25-dev
point::tests::mul,p256k1,5.4.1
prepare::tests::loop_empty,patract-wasmi,0.9.1
tests::host::two_envs_one_externals,patract-wasmi,0.9.1
tests::itworks,pcre2-sys,0.2.6
commands::only_depth::tests::check_filters::case_1_vanilla,perbase,0.9.0
commands::base_depth::tests::check_mate_detection::case_3_mate_unaware_bq,perbase,0.9.0
commands::base_depth::tests::check_depths_refskips::case_5_mate_unaware_bq,perbase,0.9.0
commands::base_depth::tests::check_start::case_2_mate_aware,perbase,0.9.0
it_deparses_SELECT_LATERAL_JOIN,pg_query,0.8.2
it_parses_REVOKE,pg_query,0.8.2
it_finds_dropped_functions,pg_query,0.8.2
parse_header_name_with_trailing_space,picohttpparser-sys,1.0.0
dilithium5::test::test_sign,pqcrypto-dilithium,0.4.6
saber::test::test_kem,pqcrypto-saber,0.1.11
ffi::test_sphincsshake256128ssimple_clean::test_ffi,pqcrypto-sphincsplus,0.6.4
sphincsshake256256srobust::test::test_sign,pqcrypto-sphincsplus,0.6.4
instance::tests::read_memory_errors_when_when_length_is_too_long,prov-cosmwasm-vm,1.0.0-provbeta3
quickjs_utils::functions::tests::test_callback_arg_ref_ct,quickjs_runtime,0.11.5
cob::issue::test::test_issue_create_and_reassign,radicle,0.2.0
timeout,reef,0.1.16
value::function::test::call_rust_fn_with_var_args,rquickjs-core,0.4.0-beta.4
value::module::test::import_crashing,rquickjs-core,0.4.0-beta.4
ecdh::tests::ecdh,rs-secp256k1,0.5.7
key::test::test_multiplication,rs-secp256k1,0.5.7
metrics::loc::tests::java_switch_lloc,rust-code-analysis,0.0.25
c_langs_macros::tests::test_fn_macros,rust-code-analysis,0.0.25
metrics::cognitive::tests::python_simple_function,rust-code-analysis,0.0.25
metrics::nargs::tests::javascript_single_closure,rust-code-analysis,0.0.25
metrics::cognitive::tests::mozjs_no_cognitive,rust-code-analysis,0.0.25
metrics::wmc::tests::java_anonymous_inner_class,rust-code-analysis,0.0.25
metrics::nargs::tests::c_single_function,rust-code-analysis,0.0.25
client::raw_client::test::socket_io_integration,rust_socketio,0.4.3
tests::test_low_s,s-secp256k1,0.5.7
avx_tests::test_convert_to_i32_m256i_from_m256,safe_arch,0.7.1
tests::test_raw_ctx,sapio-secp256k1,0.22.4
tests::esa_from_slice,saxx,0.1.2
test_parse_module_with_imports,sdml-parse,0.1.9
tests::it_works,selenite,0.6.0
git::tests::get_changed_files_returns_index_diff_to_main,shivr,0.1.4
tests::panic_test,smalloca,0.1.0
tests::dyn_smalloca_test,smalloca,0.1.0
helpers::from_bits::tests::test_from_bits_le_constant,snarkvm-circuit-types-address,0.14.6
neg::tests::test_neg,snarkvm-circuit-types-field,0.14.6
add::tests::test_constant_plus_private,snarkvm-circuit-types-field,0.14.6
equal::tests::test_private_is_equal_to_constant,snarkvm-circuit-types-field,0.14.6
compare::tests::test_constant_is_less_than_private,snarkvm-circuit-types-field,0.14.6
data::literal::bytes::tests::test_bytes,snarkvm-console-program,0.14.6
block::transactions::tests::test_transactions_bincode,snarkvm-dpc,0.8.0
helpers::prover_solution::bytes::tests::test_bytes,snarkvm-synthesizer-coinbase,0.13.0
logic::instruction::operation::test_mul::test_mul_group_scalar_into_group,snarkvm-synthesizer-program,0.14.6
logic::instruction::operation::test_bitand::test_bitand_u128_u128_into_u128,snarkvm-synthesizer-program,0.14.6
logic::instruction::operation::test_shl_checked::test_shl_checked_u8_u8_into_u8,snarkvm-synthesizer-program,0.14.6
logic::instruction::operation::test_pow_wrapped::test_pow_wrapped_i16_u8_into_i16,snarkvm-synthesizer-program,0.14.6
logic::instruction::operation::test_bitor::test_bitor_u8_u8_into_u8,snarkvm-synthesizer-program,0.14.6
logic::instruction::operation::test_ternary::test_ternary_boolean_i8_i8_into_i8,snarkvm-synthesizer-program,0.14.6
logic::instruction::operation::test_shr_checked::test_shr_checked_u16_u8_into_u16,snarkvm-synthesizer-program,0.14.6
logic::instruction::operation::test_shl_wrapped::test_shl_wrapped_i8_u16_into_i8,snarkvm-synthesizer-program,0.14.6
logic::instruction::operation::test_square_root::test_square_root_fails_on_invalid_operands,snarkvm-synthesizer-program,0.14.6
f32::tests::f32_mul,softfloat-wrapper,0.3.4
tests::tree::test_max_stack_size,sparse-merkle-tree,0.6.1
single::hurwitz_zeta,special-fun,0.2.0
util::secp256k1::secp256k1::tests::test_verify,stacks-common,0.0.2
toml,syntastica,0.4.1
tests::sign_and_verify_fail,tetsy-secp256k1,0.7.0
bls::tests::decoding_valid_signature_is_ok,tezos_crypto_rs,0.5.1
repository_manager::test::list,trane,0.17.0
tests::test_can_load_grammar,tree-sitter-erlang,0.1.0
tests::test_can_load_grammar,tree-sitter-gitcommit,0.3.3
tests::test_can_load_grammar,tree-sitter-glsl,0.1.5
tests::test_can_load_grammar,tree-sitter-go-sum,1.0.0
lazy_execution::can_overwrite_inherited_attribute,tree-sitter-graph,0.11.0
parser::can_parse_print,tree-sitter-graph,0.11.0
lazy_execution::cannot_omit_global_variable,tree-sitter-graph,0.11.0
tests::test_can_load_grammar,tree-sitter-kind,0.0.1
tests::inline_ranges,tree-sitter-md,0.1.5
tests::test_can_load_grammar,tree-sitter-whitespace,0.0.1
tests::host::call_host_func,twasmi,0.6.2
tests::test_jparse,unlatex,0.1.0
javascript::lang::accesses::tests::renamed_function,vuln-reach,0.1.1
javascript::module::resolver::fs::tests::test_filesystem_resolver,vuln-reach,0.1.1
script::tests::utf8_handling,wabt,0.10.0
func_calls,weggli,0.2.4
while_simple,weggli,0.2.4
test_failure,xch,1.1.0
smoke,xyz,0.2.1
bufread::tests::compressed_and_trailing_data,xz2,0.1.7
