openblas_ffi,0.1.1
openbook_dex,0.5.6
openfare,0.6.2
openfare-js,0.6.2
openfare-lib,0.6.2
openfare-rs,0.1.1
openid-client,0.0.22-dev
openjpeg-sys,1.0.9
openjpeg2-sys,0.1.4
openpgp-ca-lib,0.13.0-alpha.1
openpgp-card-scdc,0.2.1
openraft-rocksstore,0.7.6
openraft-rocksstore-compat07,0.8.3
opensc,0.0.0
opensc-sys,0.1.1
openscad-language-server,0.1.0
opensles,0.0.1
opensles-sys,0.0.6
opentelemetry-zpages,0.4.0
openthread-rust,0.1.4
openthread-sys,0.1.4
opentok-server,0.1.3
ophelia-blst,0.3.1
ophelia-secp256k1,0.3.8
oppai-rs,0.2.3
oppai-sys,0.1.0
optic,2.0.1
optifi-cpi,0.5.0
optimal-image,0.3.1
optivorbis,0.1.4
optix,0.2.0
opus-sys,0.2.1
oracle,0.5.7
oracletraits,0.1.0
orao_solana,0.1.0
orbterm,0.3.6
orbtk-api,0.3.1-alpha3
orbtk-shell,0.3.1-alpha3
orc-rust,0.2.41
orcs,0.0.8
orderbook,0.1.9
origen_metal,0.5.0
ornithology-cli,0.1.1
orq,0.1.1
ors-sys,0.0.8
os-timer,1.0.10
osm-tag-csv-history,0.5.0
osmgraphing,1.1.1
osmio,0.7.0
osmium-pwm,0.1.5
osmojit-sys,0.4.0
osoy,0.5.1
osrandom,0.1.0
ossuary,0.5.1
ostree-ext,0.11.3
otel-opamp-rs,0.0.10
otkeep,0.1.0
