gdk4,0.6.3
gdk4-sys,0.6.3
gdk4-wayland,0.6.3
gdk4-win32,0.6.3
gdk4-win32-sys,0.6.3
gdk4-x11,0.6.3
gdk4-x11-sys,0.6.3
gdnative,0.11.3
gdnative-core,0.11.3
gelf,0.5.0
gemachain-account-decoder,1.8.2
gemachain-bpf-loader-program,1.8.2
gemachain-bucket-map,1.8.2
gemachain-ed25519-program,1.8.2
gemachain-metrics,1.8.2
gemachain-program,1.8.2
gemachain-program-runtime,1.8.2
gemachain-runtime,1.8.2
gemachain-sdk,1.8.2
gemachain-secp256k1-program,1.8.2
gemachain_rbpf,0.2.14
gen_passphrase,0.1.1
genco,0.17.5
generator,0.7.4
genevo,0.7.1
geo,0.24.1
geo-booleanop,0.3.2
geo-clipper,0.7.3
geographiclib,0.1.0
geographiclib-rs,0.2.3
geometry-predicates,0.3.0
geos,8.2.0
geozero,0.9.9
get_if_addrs,0.5.3
get_sys_info,0.1.21
getargs,0.5.0
gethostname,0.4.2
getrandom,0.2.9
gexiv2-sys,1.4.0
gf,0.6.1
gf2_192,0.23.0
gflags,0.3.12
gfold,4.3.3
gfx-backend-dx12,0.9.1
gfx-backend-gl,0.9.0
gfx-backend-metal,0.9.1
gfx-backend-vulkan,0.9.0
gfx-memory,0.2.2
ggez,0.9.0-rc0
ggrs,0.9.4
ghostfat,0.5.0
gif-dispose,4.0.0
gifsicle,1.93.0
gifski,1.11.0
gilrs-core,0.5.5
gimli,0.27.2
gio,0.17.9
gio-sys,0.17.4
girt-git,2.2.0
git-absorb,0.6.10
git-branchless-lib,0.7.0
git-checks,4.2.1
git-cliff-core,1.2.0
git-config-value,0.10.2
git-credential-null,1.0.1
git-delta,0.15.1
git-features,0.26.5
git-fixture,0.3.2
git-graph,0.5.3
git-tempfile,3.0.3
git-testament,0.2.4
git-transport,0.25.5
git2,0.17.1
git2-ext,0.6.0
git2_credentials,0.11.0
gitlab,0.1511.0
gitui,0.22.1
gix-config-value,0.12.0
gix-features,0.29.0
gix-tempfile,5.0.3
gix-transport,0.31.0
glam,0.24.0
glass_pumpkin,1.5.0
glean,52.6.0
glean-core,52.6.0
glib,0.17.9
glib-sys,0.17.4
glium,0.32.1
glm,0.2.3
global-hotkey,0.2.0
globwalk,0.8.1
glommio,0.8.0
gloo-history,0.1.3
gloo-storage,0.2.2
glow,0.12.1
glu-sys,0.1.4
gluon,0.18.1
gluon-salsa,0.15.2
gluon_codegen,0.18.0
gluon_vm,0.18.0
glutin_cocoa,0.1.6
glutin_core_foundation,0.1.2
glyph_brush,0.7.7
gmp-mpfr-sys,1.5.2
gobject-sys,0.17.4
goldberg,0.1.0
gomez,0.3.2
gonzales,0.0.3-beta
good_lp,1.4.0
google-calendar,0.5.0
google-drive,0.6.0
google-groups-settings,0.5.0
google-jwt-verify,0.3.0
goose,0.17.0
gory,0.1.14
gosyn,0.2.3
gotham,0.7.1
governor,0.5.1
gpapi,4.0.0
gpgme,0.11.0
gpiocdev,0.4.2
gpiocdev-uapi,0.3.2
gpiod-core,0.2.3
gpl-token,3.2.0
gpoint,0.2.1
gptman,1.0.0
gpw,0.1.0
grammartec,0.3.0
granite-rs-sys,0.2.1
graph,0.3.0
graph_builder,0.3.1
graph_map,0.1.0
graphalgs,0.1.1
graphannis,2.4.5
graphannis-core,2.4.5
graphene-rs,0.17.1
graphene-sgx,0.3.3
graphene-sys,0.17.0
graphlib,0.6.3
graphviz-rust,0.6.2
grass_compiler,0.12.3
grcov,0.8.18
green-barrel,1.6.4
gregorian,0.2.4
grenad,0.4.4
grep-regex,0.1.11
grex,1.4.1
grib,0.7.1
grid,0.10.0
griddle,0.5.2
gridiron,0.10.0
grin_chain,5.1.2
grin_core,5.1.2
grin_keychain,5.1.2
grin_p2p,5.1.2
grin_pool,5.1.2
grin_secp256k1zkp,0.7.11
grin_store,5.1.2
grin_util,5.1.2
groestlcoin_hashes,0.12.1
groestlcoinconsensus,2.20.1-0.5.0
grok,2.0.0
grpcio,0.12.1
grpcio-health,0.12.1
gsk4,0.6.3
gsk4-sys,0.6.3
gstreamer,0.20.5
gstreamer-allocators,0.20.0
gstreamer-allocators-sys,0.20.0
gstreamer-app,0.20.0
gstreamer-app-sys,0.20.0
gstreamer-audio,0.20.4
gstreamer-audio-sys,0.20.0
gstreamer-base,0.20.5
gstreamer-base-sys,0.20.0
gstreamer-check-sys,0.20.0
gstreamer-controller-sys,0.20.0
gstreamer-editing-services,0.20.0
gstreamer-editing-services-sys,0.20.0
gstreamer-gl,0.20.0
gstreamer-gl-egl,0.20.0
gstreamer-gl-egl-sys,0.20.0
gstreamer-gl-sys,0.20.0
gstreamer-gl-wayland,0.20.0
gstreamer-gl-wayland-sys,0.20.0
gstreamer-gl-x11,0.20.0
gstreamer-gl-x11-sys,0.20.0
gstreamer-net-sys,0.20.0
gstreamer-pbutils,0.20.5
gstreamer-pbutils-sys,0.20.0
gstreamer-play,0.20.2
gstreamer-play-sys,0.20.0
gstreamer-player,0.20.5
gstreamer-player-sys,0.20.0
gstreamer-rtp,0.20.0
gstreamer-rtp-sys,0.20.0
gstreamer-rtsp,0.20.0
gstreamer-rtsp-server,0.20.3
gstreamer-rtsp-server-sys,0.20.0
gstreamer-rtsp-sys,0.20.0
gstreamer-sdp-sys,0.20.0
gstreamer-sys,0.20.0
gstreamer-video,0.20.4
gstreamer-video-sys,0.20.0
gstreamer-webrtc,0.20.4
gstreamer-webrtc-sys,0.20.0
gsuite-api,0.6.0
gtk,0.17.1
gtk-layer-shell-sys,0.6.0
gtk-source-sys,0.10.0
gtk-sys,0.17.0
gtk4,0.6.6
gtk4-sys,0.6.3
guess_host_triple,0.1.3
guid-create,0.3.1
gweather-sys,4.2.0
gzp,0.11.3
h2,0.3.18
h2_wasi,0.3.15
h3o,0.3.1
h3ron,0.17.0
h3ron-h3-sys,0.16.0
hacl,0.0.2-dev.3
hacl-star,0.1.0
hacl-star-sys,0.1.0
haikunator,0.1.2
hakuban,0.7.3
hal,0.9.0
half,2.2.1
halo2_gadgets,0.3.0
halo2_legacy_pdqsort,0.1.0
halo2_proofs,0.3.0
hamming,0.1.3
handlebars,4.3.6
handlebars_misc_helpers,0.13.0
harfbuzz,0.4.0
harfbuzz-sys,0.5.0
harfbuzz_rs,2.0.1
hash-roll,0.3.0
hash_hasher,2.0.3
hashbrown,0.13.2
hashconsing,1.5.1
hasher,0.1.4
hashers,1.0.1
hawk,4.0.0
hc_crud_ceps,0.77.0
hcaptcha,2.2.2
hdbconnect_impl,0.26.0
hdf5,0.8.1
hdf5-sys,0.8.1
hdf5-types,0.8.1
hdi,0.3.0
hdpath,0.6.2
hdrhist,0.5.0
hdrhistogram,7.5.2
hdrs,0.2.0
hdwallet,0.4.1
headless_chrome,1.0.5
heapsize,0.4.2
heapsize_plugin,0.1.6
hecs,0.10.3
heed,0.20.0-alpha.0
heim,0.1.0-rc.1
heim-common,0.1.0-rc.1
heim-cpu,0.1.0-rc.1
heim-disk,0.1.0-rc.1
heim-host,0.1.0-rc.1
heim-memory,0.1.0-rc.1
heim-net,0.1.0-rc.1
heim-process,0.1.1-rc.1
helium-crypto,0.6.9
hexponent,0.3.1
hexx,0.6.0
hexyl,0.12.0
hibitset,0.6.3
hierarchical_hash_wheel_timer,1.2.0
hifitime,3.8.0
highs,1.5.0
highs-sys,1.5.0
highway,1.0.0
hinawa-sys,0.7.0
hirofa_utils,0.6.1
histo_fp,0.2.1
hls_m3u8,0.4.1
hlua,0.4.1
hlua-badtouch,0.4.2
hnsw_rs,0.1.19
hocon,0.9.0
hoedown,6.0.0
holo_hash,0.2.0
holochain_persistence_api,0.0.18
holochain_sqlite,0.2.0
holochain_state,0.2.0
holochain_tracing,0.0.24
holochain_types,0.2.0
holochain_util,0.2.0
holochain_wasmer_common,0.0.84
holochain_wasmer_guest,0.0.84
holochain_wasmer_host,0.0.84
holochain_zome_types,0.2.0
home-dir,0.1.0
homie-device,0.8.0
hopcroft-karp,0.2.1
hora,0.1.1
hostname,0.3.1
hot-lib-reloader,0.6.5
howlong,0.1.7
hpke,0.10.0
hpke-dispatch,0.5.0
hpke-rs,0.1.0
html2text,0.5.1
htmlescape,0.3.1
htmltoadf,0.1.7
http,0.2.9
http-auth,0.1.8
http-muncher,0.3.2
http-sig,0.4.1
http-types,2.12.0
http_req_wasi,0.10.2
httpbis,0.9.1
hudsucker,0.19.4
human_name,2.0.1
humantime,2.1.0
hunspell-sys,0.3.1
hvm,1.0.7
hwatch,0.3.10
hwclock,0.2.0
hwi,0.6.0
hwloc,0.5.0
hwloc2,2.2.0
hyper,0.14.26
hyper-proxy,0.9.1
hyper-system-resolver,0.5.0
hyper_wasi,0.15.1
hyperfine,1.16.1
hyperloglog,1.0.2
hyperloglogplus,0.4.1
hyperscan,0.3.2
hyperscan-sys,0.3.2
hytra,0.1.2
i-slint-compiler,1.0.2
iana-time-zone,0.1.56
iana-time-zone-haiku,0.1.1
iban,0.1.6
ibe,0.3.0
ibig,0.3.6
ibs,0.4.0-rc.7
ic-agent,0.23.2
ic-stable-memory,0.4.4
icecream,0.1.0
iconv,0.1.1
icu_codepointtrie_builder,0.3.5
icu_decimal,1.2.0
id-manager,0.0.3
idsp,0.9.2
ieee802154,0.6.1
if-addrs,0.10.1
if-watch,3.0.1
ifcfg,0.1.2
ifstructs,0.1.1
igd,0.12.1
igd-next,0.13.1
ignore,0.4.20
ijson,0.1.3
im,15.1.0
im-rc,15.1.0
image,0.24.6
image2,1.9.2
image_compressor,1.3.0
image_hasher,1.1.2
imagepipe,0.5.0
imageproc,0.23.0
imagequant,4.2.0
imagine,0.5.1
imap,3.0.0-alpha.10
imbl,2.0.0
imdl,0.1.12
imdl-indicatif,0.14.0
immutable-chunkmap,1.0.5
immutable-map,0.1.2
import_map,0.15.0
imxrt-rt,0.1.1
imxrt-usbd,0.2.1
in-toto,0.3.0
include-crypt-bytes-cipher,0.1.1
include-crypt-crypto,0.1.0
incr_stats,1.0.1
index_list,0.2.7
indexing,0.4.1
indexmap,1.9.3
indicatif,0.17.3
indradb-lib,4.0.0
industrial-io,0.5.2
indy-data-types,0.5.1
indy-utils,0.5.0
indy-vdr,0.3.4
indy-wql,0.4.0
indymilter,0.2.0
inexor-rgf-core-model,0.9.1
inferno,0.11.15
inline-python,0.10.0
inotify,0.10.0
input-sys,1.17.0
instant-distance,0.6.0
intel-mkl-sys,0.8.1
intel-spi,0.1.5
intel_tex_2,0.2.2
interception-sys,0.1.3
interceptor,0.8.2
interchange,0.3.0
interfaces,0.0.8
internet-checksum,0.2.1
internet2,0.9.0
internment,0.7.0
interprocess,1.2.1
interrupt,0.1.3
intertrait,0.2.2
intervals-rs,0.0.5
intmap,2.0.0
intrusive-collections,0.9.5
io-mux,1.4.0
io-reactor,0.1.2
io-streams,0.14.3
io-uring,0.6.0
iocuddle,0.1.1
iop-keyvault,0.0.16
iota-crypto,0.18.0
iota-types,1.0.0-rc.7
iota_stronghold,1.1.0
iou,0.3.3
iovec,0.1.4
ip_network_table-deps-treebitmap,0.5.0
ipaddress,0.1.3
ipc-channel,0.16.0
ipfs-unixfs,0.2.0
ipipe,0.11.7
ipmpsc,0.5.1
iprange,0.6.7
iptables,0.5.0
iroh,0.4.1
iroh-store,0.2.0
iroh-unixfs,0.2.0
iroh-util,0.2.0
iron-sessionstorage,0.6.6
ironcore-search-helpers,0.2.0
irondash_message_channel,0.1.0
irondash_run_loop,0.1.2
ironoxide,2.0.0
irust,1.70.0
is-prime-for-primitive-int,0.5.1
is-terminal,0.4.7
is_sorted,0.1.1
isahc,1.7.2
iset,0.2.2
iso8601-timestamp,0.2.10
itertools,0.10.5
itm,0.9.0-rc.1
itoap,1.0.1
ittapi,0.3.3
ittapi-sys,0.3.3
izihawa-fst,0.4.0
j4rs,0.15.3
jack,0.11.4
jail,0.2.0
jammdb,0.9.0
jansson-sys,0.1.0
javascriptcore-rs-sys,1.0.0
javascriptcore5-rs-sys,0.3.1
javascriptcore6-sys,0.1.0
jemalloc-ctl,0.5.0
jemalloc-sys,0.5.3+5.3.0-patched
jemallocator,0.5.0
jieba-rs,0.6.7
jja,0.4.1
jl-sys,0.20.1
jless,0.8.0
jni,0.21.1
jni-glue,0.0.10
jobserver,0.1.26
jobslot,0.2.11
jobsteal,0.5.1
join,0.3.1
josekit,0.8.3
joshuto,0.9.4
journald,0.7.0
journaldb,0.2.0
jpeg-decoder,0.3.0
js-sandbox,0.2.0-rc.1
js-source-scopes,0.3.1
js-sys,0.3.61
json-digest,0.0.16
json-job-dispatch,3.0.1
json-patch,1.0.0
json-rpc2,0.11.1
json-rules-engine,0.9.4
json-rules-engine-fork,0.9.7
json_env_logger,0.1.1
json_env_logger2,0.2.1
jsonlogic-rs,0.2.3
jsonnet-rs,0.17.0
jsonnet-sys,0.17.0
jsonpath-plus,0.1.9
jsonpath_lib,0.3.0
jsonrpc-pubsub,18.0.0
jsonrpc-utils,0.2.0
jsonrpsee-core,0.18.1
jsonrpsee-utils,0.6.1
jsonwebkey,0.3.5
julia-set,0.1.0
jumphash,0.1.8
juniper-eager-loading,0.5.1
just,1.13.0
just-argon2,1.2.0
jwks_client_rs,0.4.1
jwt,0.16.0
jwt-compact,0.7.0
jwt-simple,0.11.4
jwtk,0.2.4
k,0.30.0
k8-client,10.0.1
k8s-sync,0.2.3
k9,0.11.6
kadmium,0.6.0
kafka,0.9.0
kafka-offsets-parser,0.1.2
kalk,3.0.3
kangarootwelve_xkcp,0.1.5
kas-core,0.13.0
kas-text,0.6.0
kaspa-addresses,0.0.3
kaspa-addressmanager,0.0.3
kaspa-consensus-core,0.0.3
kaspa-core,0.0.3
kaspa-database,0.0.3
kaspa-hashes,0.0.3
kaspa-math,0.0.3
kaspa-miner,0.2.0
kaspa-mining,0.0.3
kaspa-muhash,0.0.3
kaspa-notify,0.0.3
kaspa-p2p-lib,0.0.3
kaspa-rpc-core,0.0.3
kaspa-txscript,0.0.3
kaspa-utxoindex,0.0.3
katex,0.4.6
kcp,0.5.1
kd-tree,0.5.1
kdtree,0.7.0
kerberos_crypto,0.3.6
kernel,1.1.0
kernlog,0.3.1
keyboard-keynames,0.1.2
keynesis-core,1.1.0
keyring,2.0.2
keyvi,0.5.6
kg-js,0.8.0
kitsune_p2p,0.2.0
kitsune_p2p_dht,0.2.0
kitsune_p2p_dht_arc,0.2.0
klickhouse,0.8.5
kmeans,0.2.0
kmeans_colors,0.5.0
kmip-protocol,0.4.3
knope,0.7.2
kodama,0.3.0
koibumi-core,0.0.8
kolmogorov_smirnov,1.1.0
konst,0.3.5
koopa,0.0.6
kqueue,1.0.7
kqueue-sys,1.0.3
ksuid,0.2.0
kube-client,0.82.2
kube-runtime,0.82.2
kubewarden-policy-sdk,0.9.4
kurbo,0.9.4
kuska-sodiumoxide,0.2.5-0
kv-trie-rs,0.1.2
kvdb-rocksdb,0.18.0
kvm-bindings,0.6.0
kvm-ioctls,0.13.0
kvx,0.4.0
kyber-pke,0.3.0
kzen-paillier,0.4.3
lab,0.11.0
label-logger,0.2.0
lace_data,0.1.0
lace_stats,0.1.0
lace_utils,0.1.0
lalrpop-snap,0.16.0
lambda_runtime_core,0.1.2
laminar,0.5.0
landlock,0.2.0
lang_tester,0.7.3
lapjv,0.2.1
last-git-commit,0.2.0
lawn-9p,0.2.0
layered-io,0.21.0
lazysort,0.2.1
lcms2,5.6.0
lcms2-sys,4.0.1
ldap3_proto,0.3.2
ldk-node,0.1.0-alpha
leap-sys,0.2.0
leaprs,0.1.2
ledger,0.2.5
ledger-transport-hid,0.10.0
left-right,0.11.5
leftwm,0.4.1
leftwm-core,0.4.1
legogroth16,0.7.0
lemmy_api_common,0.17.2
lemmy_utils,0.17.2
leo-errors,1.7.0
leo-parser,1.7.0
leptonica-plumbing,1.0.1
leptonica-sys,0.4.5
leptos_reactive,0.3.0-alpha
leptos_router,0.3.0-alpha
lettre,0.10.4
leveldb,0.8.6
levenberg-marquardt,0.13.0
lever,0.1.4
lexpr,0.2.7
lfs-core,0.11.1
lhapdf,0.2.2
li-http-types,2.12.0
lib-ruby-parser,4.0.4+ruby-3.1.1
lib3h_crypto_api,0.0.42
lib3h_protocol,0.0.42
lib3h_sodium,0.0.42
libR-sys,0.4.0
libadwaita-sys,0.4.1
libafl,0.10.0
libappindicator-sys,0.8.0
libarchive,0.1.1
libargon2-sys,0.2.0
libblkid-rs,0.3.0
libbluetooth,0.1.0
libbpf-rs,0.20.1
libbpf-sys,1.1.1+v1.1.0
libc-print,0.1.21
libc-strftime,0.2.0
libcorn,0.6.1
libcrux,0.0.1-dev.3
libcryptsetup-rs,0.7.0
libdeflate-sys,0.13.0
libdeflater,0.13.0
libduckdb-sys,0.7.1
libefi-sys,0.1.0
libesedb-sys,0.1.2
libevent-sys,0.2.6
libfdisk,0.1.5
libffi,3.2.0
libffi-sys,2.3.0
libflatpak-sys,0.3.0
libfmod,2.2.607
libftd2xx,0.32.2
libftd2xx-ffi,0.8.6
libftdi1-sys,1.1.2
libhaystack,1.0.10
libheif-rs,0.19.2
libheif-sys,1.14.2
libhoney-rust,0.1.6
libhydrogen,0.4.1
libhydrogen-sys,0.9.1
libinjection,0.3.2
libjade-sys,0.0.1-dev.1
liblbfgs-sys,0.1.2
liblinear,1.0.0
libloader,0.1.4
libloading,0.8.0
libm,0.2.6
libmacchina,7.0.0
libmath,0.2.1
libmdbx,0.3.2
libmdns,0.7.5
libmimalloc-sys,0.1.33
libmount,0.1.15
libmpv,2.0.1
libmpv-sirno,2.0.2-fork.1
libnice,0.3.0
libnv,0.4.2
libp2p-autonat,0.10.2
libp2p-connection-limits,0.1.0
libp2p-core,0.39.2
libp2p-deflate,0.39.0
libp2p-gossipsub,0.44.4
libp2p-identity,0.1.2
libp2p-kad,0.43.3
libp2p-mdns,0.43.1
libp2p-mplex,0.39.0
libp2p-noise,0.42.2
libp2p-perf,0.1.0
libp2p-ping,0.42.0
libp2p-plaintext,0.39.1
libp2p-pnet,0.22.3
libp2p-quic,0.7.0-alpha.3
libp2p-relay,0.15.2
libp2p-rendezvous,0.12.1
libp2p-swarm,0.42.2
libp2p-tcp,0.39.0
libp2p-webrtc,0.4.0-alpha.4
libp2prs-core,0.3.0
libp2prs-multiaddr,0.3.0
libp2prs-secio,0.3.0
libpaillier,0.5.0
libpanel-sys,0.2.0
libpijul,1.0.0-beta.4
libpna,0.0.1
libpng-sys,1.1.9
libpq,3.1.0
libpq-sys,0.8.0
libproc,0.13.0
libpulse-binding,2.27.1
libquickjs-sys,0.10.0
librashader-reflect,0.1.4
librashader-spirv-cross,0.23.5
libreauth,0.16.0
librespot-core,0.4.2
librocksdb-sys,0.6.3+6.28.2
librualg,0.29.1
libsamplerate-sys,0.1.12
libscmp,0.2.0
libseccomp,0.3.0
libsecp256k1,0.7.1
libsensors-sys,0.2.0
libshumate-sys,0.3.0
libsm,0.5.1
libsodium-sys,0.2.7
libsodium-sys-stable,1.19.27
libspa,0.6.0
libspa-sys,0.6.0
libspeedb-sys,0.0.2+2.3.0
libssh-rs,0.1.8
libstrophe-sys-bindgen,5.0.0
libsystemd,0.6.0
libsystemd-sys,0.9.3
libtor,47.13.0+0.4.7.x
libtor-sys,47.13.0+0.4.7.x
libudis86-sys,0.2.1
libunwind-sys,0.5.1
libusb,0.3.0
libusb1-sys,0.6.4
libv4l-sys,0.2.2
libvips,1.5.1
libwebp,0.1.2
libwebp-sys,0.9.0
libwebp-sys2,0.1.7
libxid,0.1.5
libxml,0.3.2
libzetta-zfs-core-sys,0.5.2
libzmq,0.2.5
libzmq-sys,0.1.8+4.3.2
light-curve-common,0.1.1
light-curve-feature,0.5.5
lightgbm,0.2.3
lightgbm2,0.3.0
lightning,0.0.115
lightning-persister,0.0.115
lightws,0.6.8
lignin,0.1.0
likely_stable,0.1.2
lilv-sys,0.2.1
lindel,0.1.1
line-wrap,0.1.1
line_drawing,1.0.0
linefeed,0.6.0
linera-base,0.1.0
linera-wit-bindgen-host-wasmer-rust,0.2.0
linera-wit-bindgen-host-wasmtime-rust,0.2.0
linereader,0.4.0
linfa,0.6.1
linfa-linalg,0.1.0
linfa-reduction,0.6.1
linfa-trees,0.6.1
lingua,1.4.0
linked-list,0.0.3
linkspace-core,0.1.1
linkspace-pkt,0.1.1
linotype,0.0.1
linux-embedded-hal,0.4.0-alpha.3
linux-keyutils,0.2.3
linux-personality,1.0.0
linya,0.3.0
lioness,0.1.2
lipmaa-link,0.2.2
lipsum,0.9.0
lis3dh,0.4.2
litequad,0.1.2
littlefs2,0.4.0
littlewing,0.7.0
llvm-ir,0.8.2
llvm-plugin-inkwell,0.3.0
lmdb,0.8.0
lmdb-master-sys,0.1.0
lmdb-rkv,0.14.0
lmdb-rkv-sys,0.11.2
lmdb-rs,0.7.6
lmdb-zero,0.4.4
lnpbp_secp256k1zkp,0.9.0
load_image,3.0.3
loaded_dice,0.2.2
local-ip-address,0.5.1
locale,0.2.2
locale_config,0.3.0
localzone,0.2.0
lockfree-cuckoohash,0.1.0
loco-protocol,5.4.0
lodepng,3.7.2
log4rs,1.2.0
log4rs-syslog,3.0.3
logging_content,0.1.1
lol_alloc,0.4.0
lol_html,0.4.0
longest-increasing-subsequence,0.1.0
loom,0.5.6
loopdev,0.4.0
louds-rs,0.4.0
lozizol,0.5.3-dev
lpc55,0.2.1
lpc55-rtic,0.5.7
lpfs,0.2.0
lpsolve,0.1.0
lru-cache,0.1.2
lru-mem,0.2.0
lru_time_cache,0.11.11
lsd,0.23.1
lsp-positions,0.3.1
lua,0.0.10
ludusavi,0.17.1
luminvent_winit,0.27.6-alpha
lunatic-process,0.13.2
lurk-pasta-msm,0.1.0
lv2-atom,2.0.0
lv2-core,3.0.0
lv2-midi,1.2.0
lv2-urid,2.1.0
lv2_raw,0.2.0
lvgl-sys,0.6.2
lychee,0.12.0
lychee-lib,0.12.0
lz-fear,0.1.1
lz-str,0.2.1
lz4,1.24.0
lz4-sys,1.9.4
lz4_flex,0.10.0
lz_fnv,0.1.2
lzf-sys,0.1.0
lzfse,0.1.0
lzzzz,1.0.4
m,0.1.1
mac-notification-sys,0.5.6
mac_address,1.1.4
mac_address2,2.0.0
macaw,0.18.2
macchina,6.1.8
mach,0.3.2
mach2,0.4.1
mach_o,0.1.2
mach_object,0.1.17
machineid-rs,1.2.3
macos-accessibility-client,0.0.1
macroquad,0.3.25
madsim,0.2.22
madvise,0.1.0
magic,0.13.0
magic-sys,0.3.0
magic-wormhole,0.6.0
magick_rust,0.18.0
magnum-opus,0.3.2
mail-core,0.6.2
mail-send,0.3.3
malachite-base,0.3.2
malloc_buf,1.0.0
malloced,1.3.1
mapr,0.8.0
markov,1.1.0
matext4cgmath,0.1.0
math,0.10.0
math2d,0.2.0-alpha8
matio-rs,1.3.1
matrix-sdk,0.6.2
matrix-sdk-base,0.6.1
matrix-sdk-common,0.6.0
matrix-sdk-crypto,0.6.0
matrix-sdk-store-encryption,0.2.0
may,0.3.42
mbedtls,0.9.0
mbox,0.6.0
mc-rand,1.1.0
mc-sgx-core-types,0.6.0
mc-sgx-tservice-sys,0.6.0
mc-sgx-urts,0.6.0
mcai_ftp,3.0.1
mcfly,0.8.0
mcmf,2.0.0
mco-gen,0.1.0
md-5,0.10.5
mdbook-pdf-headless_chrome,0.1.10
median,0.3.2
meilisearch-sdk,0.23.1
melib,0.7.2
melpow,0.1.1
membarrier,0.2.3
memcache,0.17.0
memcached-rs,0.4.2
memchr,2.5.0
memcmp,0.0.6
memcomparable,0.1.1
memfd-exec,0.1.5
memfile,0.2.1
memflow,0.2.0-beta10
memmap,0.7.0
memmap2,0.5.10
memorable-wordlist,0.1.7
memory-pager,0.9.0
memory-stats,1.1.0
memorydb,0.3.0
meowhash,0.3.0
merkle,1.11.0
merkle_light,0.4.0
merkletree,0.22.1
mersenne_twister,1.1.1
mesalink,1.1.0-cratesio
message-io,0.15.1
metaboss,0.24.0
metaboss_lib,0.10.1
metainfo,0.7.2
metered,0.9.0
meticulous,0.2.0-pre.1
metrics,0.21.0
metrics-exporter-prometheus,0.12.0
metrics-process,1.0.10
metrics-util,0.15.0
metrics_cloudwatch,2.0.0
metriki-core,1.7.4
mft,0.6.1
micromarshal,0.4.0
miden,0.3.0
miden-crypto,0.4.0
midir,0.9.1
miette,5.8.0
mikktspace-sys,0.1.1
milenage,0.1.4
miller_rabin,1.1.1
milter,0.2.4
milter-sys,0.2.3
mimalloc,0.1.37
mimalloc-rust,0.2.1
mimallocator,0.1.3
min-max-heap,1.3.0
mindtree_utils,0.4.0
minidl,0.1.5
minidump-writer,0.8.0
minidumper,0.8.0
minidumper-child,0.1.0
minilp,0.2.2
minilzo,0.2.0
minimal-id,0.8.0
minimap2-sys,0.1.10
minipac,0.3.1
miniquad,0.3.16
minitrace,0.4.1
miniz_oxide,0.7.1
minreq,2.7.0
minstant,0.1.2
mintex,0.1.2
mio,0.8.6
mio-aio,0.7.0
mio-named-pipes,0.1.7
mio-serial,5.0.5
mio-signals,0.2.0
mio-timerfd,0.2.0
mio_wasi,0.8.6
miow,0.5.0
miracl_core_bls12381,4.2.2
