rusfuse,0.0.9
solana-system-program,0.11.0
head-empty,0.1.0
safecoin-vest-program,1.6.16
solana-lualoader,0.11.0
gurobi-sys,0.3.0
usb,0.2.2
soroban-env-guest,0.0.9
nvml-rs,0.1.0
nature_demo_executor,0.15.0
solana-noop,0.11.0
node_api_system,0.5.0
thorin,0.1.0
starlane-core,0.2.0-rc1
emacs_module_bindings,0.7.0
rustpak,0.1.0
flu,0.0.2
cpp_regexp,0.6.1
x11,2.20.0
asn1_der,0.7.5
GSL-sys,3.0.0
pngquant,3.0.0
cursed,0.0.1
luasocket,0.1.9
wasmer-runtime-core-near,0.18.3
mouse_automation,0.1.3
ez_audio,0.1.6
fmod,0.10.2
safecoin-exchange-program,1.6.16
protobuf-native,0.2.1+3.19.1
cult,0.0.3
wow-rs,1.0.0
mech-stats,0.0.5
oasis-test,0.4.1
virt,0.2.11
axe_fx_midi,0.1.0
numpress,1.1.0
solana-budget-program,1.6.28
zsplg,0.0.0-alpha2
packed_simd_2,0.3.8
mesh-portal-versions,0.2.0-rc1
lua52-sys,0.1.2
mpc,0.1.10
libsweep,1.0.1
lucet-runtime-internals,0.6.1
rsasl,2.0.0-rc.3
ladspa_noisecoring,1.0.0
duku,0.2.1
grb-sys2,9.5.0
skyline,0.2.1
oasis-std,0.4.1
ladspa,0.3.4
solana-vest-program,1.6.28
dittolive-ditto-sys,2.1.0
agora-rtm,0.1.3
mechtron,0.3.4
mp4decrypt,0.2.1+1.6.0-639
pen-ffi,0.10.1
tectonic_engine_bibtex,0.1.4
elfo-core,0.1.33
cosmic-macros,0.3.4
applevisor-sys,0.1.0
wasmer-runtime-core-fl,0.17.1
td_clua,0.1.3
linkbot,0.0.2
cosmic-space,0.3.4
openldap,1.2.2
rax,0.1.5
x11nas,2.19.1
clockkit,0.2.1
luacjson,0.1.2
solana-noop-program,1.7.15
dittolive-ditto,2.1.0
nature_demo_converter,0.0.2
monotron-app,0.5.0
sidh,0.2.3
ecdh,0.0.12
abi_stable,0.10.5
onload,0.1.2
libpcap,0.1.7
multicast_dns,0.5.0
openslide-rs,0.3.3
range-encoding,0.2.1
cognitive-services-speech-sdk-rs,0.2.1
cxx-demo,0.0.6
jsonnet,0.1.0
nature-demo,1.4.0
td_clua_ext,0.1.0
rusty_libimobiledevice,0.1.7
uring-sys2,0.8.0
cosmic-hyperspace,0.3.4
nature_integrate_test_converter,0.0.2
wasmtime-runtime,1.0.2
solana-exchange-program,1.8.16
sleef-trig-sys,0.1.0
solana-failure-program,1.7.15
mech-math,0.0.5
redis-cell,0.2.2
nature_integrate_test_executor,1.4.0
palombe,0.5.1
agora-rtm-sdk,0.1.1
virtualization-rs,0.1.2
mtbl-sys,0.2.0