Memoirs,0.1.2
argo,0.0.1
cssselect,0.0.1
db,0.0.1
ferrite,0.0.1
glium_macros,0.0.1
graph-core,0.3.0
hashids-rs,0.0.0
libbreakpad-client-sys,0.1.0
mat3,0.2.1
mongo,0.0.1
oxidation,0.0.1
oxide,0.0.1
ruin,0.1.0
rustcode,0.0.1
servo,0.0.1
tinysort,0.1.0
wasm-pack,0.10.3
win32api-rs-sys,0.1.0
windows_winmd,0.3.1
xclog,0.3.1
xcursorlocate,0.1.1
aa2d74507d184541926d670b753d6843c0a5ea74dede83ab2d43260fa1,0.0.1
aace20dd7640e22f024758931f01b160e7b517d6499de78aad72c9dfda,0.0.1
aae4570dac7e73495c68392dea7be1d66d6f74d68adf961871da8fb67b,0.0.1
aae861feb989a2ea107462d812ddb2da82fff0d1abbdb7f9ebdc01ec0c,0.0.1
accountNovaFi,0.1.5
actix-net,0.2.6
agfin,0.7.0
art_demo_dummy,0.1.2
async-control,0.0.0
async-wakers,0.0.0
basic-collision,0.3.0
basic-math,0.1.0
better-stopwatch,0.1.0
bilibili-api-rs,0.2.2
bk_allocator,0.1.0
bluetooth-sys,0.1.0
bot_server_client,1.1.6
bson-rs,0.0.3
caelum-id,0.1.8
cargo-publish-workspace,0.19.0
cargo_learn,0.1.0
chapter14-frytos,0.1.0
chiisai,0.1.1
cl-generic-vec,0.4.0
cloud-code,0.5.1
clouseau,0.3.4
clouseau_core,0.3.4
clouseau_macros,0.3.4
clouseau_pest,0.3.4
clouseau_query,0.3.4
clvmr_chinilla,0.2.0
comcigan-rs,1.2.5
compiletime,1.0.0
const_cge_macro,0.2.0
coord2d,0.1.9
cql-ffi-safe,0.0.6
cql_ffi,0.1.19
crossbeam-stm,0.3.0
csmlinterpreter,0.3.2
data_models,0.2.0
dcolor,0.1.0
decider,0.1.6
derive-com-wrapper,0.1.0
diesel_errors,0.1.3
dimage,0.1.0
dnum,0.1.0
doc-comment,0.3.3
docusign,0.1.17
drop_bomb,0.1.5
e310x-hal,0.9.3
earl,0.0.0
eclectic,0.11.0
edi,0.2.0
envelopers,0.6.0
erlang_nif-sys,0.6.4
eureka,2.0.0
eventstore,2.1.1
ex_merge_sort,0.4.0
finite_element_method,0.4.10
first_rs_001,0.1.0
fisco-bcos-rust-gears-sdk,0.3.141
flv-future-aio,1.1.0
freedesktop-icon-lookup,0.1.0
game-engine,0.1.0
gherkin_rust,0.10.1
gnupg,0.1.0
gouache,0.1.0
gpcas_base,0.3.0
gpkg,0.1.0
graphql_depth_limit,0.1.1
gsgdt,0.1.2
hold,0.1.0-alpha.5
influx_db_client,0.5.1
irona,0.1.1
irsc,0.1.1
jimblandy-yank-test,0.1.0
juniper_actix,0.4.0
k8-obj-core,2.1.1
kanin_derive,0.5.0
katte-lib-rs,0.1.0
kekbit-codecs,0.1.0
kekbit-core,0.2.2
knife-framework,0.1.6
knife-macro,0.1.6
knife-util,0.1.6
kocheck,0.4.1
kzg,0.6.0
leetcode-cli,0.3.11
lemme_see,0.1.12
lib1testingDep,0.1.0
libnv-sys,0.1.4
librualg,0.29.1
libthemis-src,0.12.0
libyobicash,0.3.2
list_compression,0.1.1
lsode,0.2.7
lua51,0.1.6
mailchimp-api,0.1.15
manager,0.1.0
metallicalc,2.1.1
mizui,0.0.1
mm_image,0.1.0
mm_math,0.0.6
mm_video,0.1.0
mongodb-helper,0.1.6
more_cargo_co,0.1.0
mpid_messaging,0.1.0
nettle-src,3.5.1-1
nt-packet,0.1.2
nt-packet-derive,0.1.3
office,0.8.1
oniguruma,0.3.0
openqasm,0.1.2
optee-teec,0.0.1
os_bootinfo,0.2.1
owasm,0.1.10
ph-dl,1.2.3
postgres-syntax,0.1.2
presto_rust,0.1.0
racc,0.0.2
radiotap,1.3.0
refinery-migrations,0.2.2
refract,0.0.0
riker-es,0.13.0
rmp-ipc,0.8.2
robotparser-fork,0.10.5
rreplace,0.1.0
rsk,0.1.5
rupnp,1.1.0
rust-embed,6.4.2
rust-embed-impl,6.3.1
rust-embed-utils,7.3.0
rust-lib,0.1.0
rust-scheme,0.1.2-alpha.1
rust_c,0.1.1
rust_ci,0.1.0
rustfuck,0.1.2
rusty_v8_m,0.4.3
safe_dns,0.5.0
safe_nfs,0.6.0
sanakirja,1.2.16
se_rs_ial,0.0.2
secp256kfun_parity_backend,0.1.5
sequencer,0.1.1
serde_skip,0.1.0
speexdsp-resampler,0.1.0
spirv_headers,1.5.0
sql_reverse_struct,0.1.8
srt-rs,0.2.3
ssh-jail-dto,0.1.1
stats,0.0.1
stayalive,0.5.0
string-parser,0.1.5
struct2vec_derive,0.1.8
sulfa,0.1.1
surge-ping,0.7.3
susy-jsonrpc-derive,10.1.0
synchronicity,0.0.0
syslog-ng-common,0.7.0
tablegen,0.1.1
tempan,0.0.6
terminal-spinner-data,0.1.2
terra-bindings,0.1.0
test1,0.1.0
thirtyfour_query,0.6.1
time-graph,0.1.3
tinyusb-sys,0.1.0
tree-sitter-hare,0.20.7
tss-sapi,0.0.4
tuitactoe,0.1.1
u16cstr,0.4.0
unbound,0.3.0
v_frame,0.3.1
vextractor,0.2.2
vextractor-cli,0.2.0
vox_writer,0.1.6
vrchatapi,1.9.0
wasm-react,0.3.2
wasmer-runtime-core,0.17.1
webidl-parser,0.1.0
windows-webview2,0.1.0
wownero,0.1.0
wren_rust,0.1.3
zhouchen,0.1.0
zstd-seekable,0.1.7