settings::test::settings_ref,fluidlite,0.2.1
test::basic_api,libcmark-sys,0.1.0
tests::dummy,trussed,0.1.0
util::bip32::tests::test_vector_3,digibyte,0.27.3
ltc_decode_timecode_dot_raw,x42ltc-sys,0.0.5
util::bip32::tests::test_vector_2,digibyte,0.27.3
test_create_identical,flips,0.2.1
test_study_apply_to_output,flips,0.2.1
util::bip32::tests::test_vector_1,digibyte,0.27.3
tests::test_decode,bchlib,0.2.1
tests::can_load_grammar,tree-sitter-svelte,0.10.2
tests::test_sync_codeword,bchlib,0.2.1
open_dummy_cb,minimp3_ex-sys,0.1.1
tests::test_decode_err,bchlib,0.2.1
tests::interpolation,tinyspline-sys,0.2.0
tests::it_works,bchlib-sys,0.2.1
test_default_style,aflak_imgui-sys,0.18.1
context::test_set_log_filename,arcdps-imgui,0.8.0
sort::test_sorted,blitsort-sys,0.1.0
tests::basic,btreec,0.3.0
tests::decompress_error,cita-snappy,0.1.5
tests::valid,cita-snappy,0.1.5
tests::compress_and_decompress,cita-snappy,0.1.5
vector_push_pop_slice,cpp_std,0.1.1
vector_as_mut_slice,cpp_std,0.1.1
vector_from_slice,cpp_std,0.1.1
aesni_test::aesni_192_key_expansion_test,crypto_pimitives,0.1.1
test_decnum_try_from_f32,dec,0.4.8
test_dec_double_zero,dec-number-sys,0.0.25
test_dec_number_zero,dec-number-sys,0.0.25
test_dec_quad_zero,dec-number-sys,0.0.25
test_dec_single_zero,dec-number-sys,0.0.25
test_dec_quad_get_coefficient,dec-number-sys,0.0.25
test_dec_quad_divide_fma,dec-number-sys,0.0.25
test_dec_quad_remainder,dec-number-sys,0.0.25
simple_addition,decnumber-sys,0.1.5
supports_look_ahead,ecma_regex,0.0.2
tests::test_distance,emd,0.1.1
arch::arm::test::arm_size_and_alignment,ep-capstone,0.2.0
arch::sysz::test::sysz_size_and_alignment,ep-capstone,0.2.0
arch::sparc::test::sparc_size_and_alignment,ep-capstone,0.2.0
insn::test::detail_size_and_alignment,ep-capstone,0.2.0
arch::mos65xx::test::mos65xx_size_and_alignment,ep-capstone,0.2.0
arch::tms320c64x::test::tms320c64x_size_and_alignment,ep-capstone,0.2.0
x25519::tests::diffie_hellman_test,everrs,0.2.1
tests::blender_cube,fbx3d,0.1.0
tests::random_small,flate2-crc,0.1.2
linear::test_create_apply,flips,0.2.1
delta::test_create_apply_with_moremem,flips,0.2.1
bps::tests::check_create_linear_and_apply,flips-sys,0.2.1
bps::tests::check_create_delta_and_apply,flips-sys,0.2.1
tests::test_version,http-muncher,0.3.2
context::test_set_ini_filename,imgui,0.11.0
tests::large,jh-rs,0.1.0
tests::interop::call_rust_function,kg-js,0.8.4
ser::tests::write_option_none,kg-js,0.8.4
context::context,lcms2,6.0.0
color::colorf::gray,lexlib,2.0.1
test::integration,librsync,0.2.3
test::send_patch,librsync,0.2.3
test::test_init_and_exit,libusb-src,1.26.2
test::test_get_device_list,libusb-src,1.26.2
test_init_and_exit,libusb1-sys,0.6.4
test_get_device_list,libusb1-sys,0.6.4
main,littlefs2,0.4.0
fs::tests::open_file_with_options_and_then,littlefs2,0.4.0
tests::format,littlefs2,0.4.0
tests::test_iter_dirs,littlefs2,0.4.0
test_simple_64,lmdb-master-sys,0.1.0
test_simple_64,lmdb-rkv-sys,0.11.2
test_simple_64,lmdb-sys2,0.11.2
tests::cannot_open_with_different_compression,lsmlite-rs,0.1.0
threads::tests::create_background_thread_checkpointer,lsmlite-rs,0.1.0
ff::tests::test_copy,milagro-crypto,0.1.14
randapi::tests::test_random,milagro-crypto,0.1.14
randapi::wrappers::tests::test_rng,milagro-crypto,0.1.14
hash::tests::test_sha256,milagro-crypto,0.1.14
hash::wrappers::tests::test_sha256,milagro-crypto,0.1.14
ff::tests::test_ff_pow,milagro-crypto,0.1.14
ff::tests::test_ff_modulus,milagro-crypto,0.1.14
ff::tests::plus_test,milagro-crypto,0.1.14
ff::wrappers::tests::test_more_ops,milagro-crypto,0.1.14
ff::wrappers::tests::test_ops,milagro-crypto,0.1.14
ff::wrappers::tests::test_strout,milagro-crypto,0.1.14
ff::tests::test_ff_randoms,milagro-crypto,0.1.14
big::tests::test_big_random,milagro-crypto,0.1.14
ff::tests::test_ff_is_prime,milagro-crypto,0.1.14
ff::tests::test_ff_io_sized_hex,milagro-crypto,0.1.14
big::tests::test_bytes,milagro-crypto,0.1.14
big::tests::test_big_hex_io,milagro-crypto,0.1.14
ecp2::tests::test_ecp2_hex_io,milagro-crypto,0.1.14
ff::tests::test_ff_sqr,milagro-crypto,0.1.14
tests::set_index_and_mapping_opts,minimap2-sys,0.1.16+minimap2.2.26
xdr::c_abi::xdrfile_trr::tests::test_read_trr_nframes,molconv,0.2.0
xdr::c_abi::xdrfile_xtc::tests::test_read_xtc_nframes,molconv,0.2.0
tests::crc4,ms5837,0.2.1
can_call_simple_decoder,openh264-sys2,0.4.1
point::tests::base58,p256k1,5.4.1
key::test::pubkey_add,parity-secp256k1,0.7.0
key::test::keypair_slice_round_trip,parity-secp256k1,0.7.0
invalid_http_version_2,picohttpparser-sys,1.0.0
del_in_uri_path,picohttpparser-sys,1.0.0
ffi::test_newhope1024cca_clean::test_ffi,pqcrypto-newhope,0.1.2
newhope1024cca::test::test_kem,pqcrypto-newhope,0.1.2
ffi::test_newhope1024cpa_clean::test_ffi,pqcrypto-newhope,0.1.2
newhope1024cpa::test::test_kem,pqcrypto-newhope,0.1.2
ffi::test_newhope512cca_clean::test_ffi,pqcrypto-newhope,0.1.2
newhope512cca::test::test_kem,pqcrypto-newhope,0.1.2
ffi::test_newhope512cpa_clean::test_ffi,pqcrypto-newhope,0.1.2
newhope512cpa::test::test_kem,pqcrypto-newhope,0.1.2
qteslapiii::test::test_sign_detached,pqcrypto-qtesla,0.1.1
babybearephem::test::test_kem,pqcrypto-threebears,0.2.0
ffi::test_babybearephem_clean::test_ffi,pqcrypto-threebears,0.2.0
babybear::test::test_kem,pqcrypto-threebears,0.2.0
ffi::test_babybear_clean::test_ffi,pqcrypto-threebears,0.2.0
ffi::test_mamabearephem_clean::test_ffi,pqcrypto-threebears,0.2.0
mamabearephem::test::test_kem,pqcrypto-threebears,0.2.0
ffi::test_mamabear_clean::test_ffi,pqcrypto-threebears,0.2.0
mamabear::test::test_kem,pqcrypto-threebears,0.2.0
ffi::test_papabearephem_clean::test_ffi,pqcrypto-threebears,0.2.0
papabearephem::test::test_kem,pqcrypto-threebears,0.2.0
ffi::test_papabear_clean::test_ffi,pqcrypto-threebears,0.2.0
papabear::test::test_kem,pqcrypto-threebears,0.2.0
tests::test_get_operand_type,rabbitizer,1.7.9
tests::test_apci,rsofa,0.4.5
tests::test_apcg,rsofa,0.4.5
tests::test_apco,rsofa,0.4.5
tests::test_trxp,rsofa,0.4.5
tests::test_trxpv,rsofa,0.4.5
tests::test_tr,rsofa,0.4.5
tests::test_ab,rsofa,0.4.5
tests::test_pv,rsofa,0.4.5
tests::test_zr,rsofa,0.4.5
tests::test_a2af,rsofa,0.4.5
tests::test_a2tf,rsofa,0.4.5
tests::test_zp,rsofa,0.4.5
tests::test_tpxev,rsofa,0.4.5
tests::rtreec_new,rtreec,0.1.0
tests::test_small_wren_program_call,ruwren,0.4.4
key::test::create_pubkey_combine,sapio-secp256k1,0.22.4
tests::esaxx_compact,saxx,0.1.2
tests::esa_from_slice,saxx,0.1.2
tests::test_negative_time_propagation,sgp4-rs,0.4.0
sgp4_sys::tests::test_simple_propagation,sgp4-rs,0.4.0
sgp4_sys::tests::test_errors,sgp4-rs,0.4.0
base64::test::encode,smile,0.1.1
base64::test::decode,smile,0.1.1
cephes_double::shichi,special-fun,0.2.0
cephes_double::sici,special-fun,0.2.0
bits::test::creates_and_drops,speex-safe,0.6.0
bits::test::write_arbitrary_bytes,speex-safe,0.6.0
decode,spng,0.2.0-alpha.2
decode_001_raw_context,spng,0.2.0-alpha.2
c_check::compare_arduino,spritz_cipher,0.1.0
key::test::pubkey_add,tetsy-secp256k1,0.7.0
tests::capabilities,tetsy-secp256k1,0.7.0
tests::area,triangle-rs,0.1.2
test::is_voice_segment,webrtc-vad,0.4.0
c_abi::xdrfile_trr::tests::test_read_trr_nframes,xdrfile,0.3.0
c_abi::xdrfile_xtc::tests::test_read_xtc_nframes,xdrfile,0.3.0
tests::test_hasher_iface,xxhrs,2.0.0
tests::test_build_hasher,xxhrs,2.0.0
tnef::test::new_from_file,ytnef,0.2.0
test_z85,zmq,0.10.0
test_z85,zmq2,0.5.0
util::bip32::tests::test_vector_3,syscoin,0.16.15
compress::tests::test_compression_interfaces,parity-db,0.4.11
pipeline::pipeline,lcms2,6.0.0
descriptor::tests::parse_with_secrets,elements-miniscript,0.2.0
tests::test_base64_encoded_signature,bip322-simple,0.3.1
tests::test_taproot_signature,bip322-simple,0.3.1
writing,xyz,0.2.1
util::bip32::tests::test_vector_3,pexacoin,0.1.0
util::psbt::tests::serialize_then_deserialize_output,digibyte,0.27.3
util::bip32::tests::test_vector_1,monacoin,0.27.1-pre
tests::test_extract_payment_code_from_tx,bip47,0.3.0
test_list_owned_txouts,bdk_chain,0.5.0
encoder::tests::test_rows,mtpng,0.3.5
tests::check_lzo_decompress_compatibility,lzokay-native,0.1.0
context::tests::c_child::test_child_10_args,lucet-runtime-internals,0.6.1
tests::aes_gcm_encrypt_test_vectors,ctaes-sys,0.1.0
tests::test_basic_find,tinycdb,0.0.7
metatables,hlua,0.4.1
functions_write::tests::two_arguments,hlua,0.4.1
tests::notifications_and_transacting,bip351,0.4.0
mint::test::becdh,cashu,0.0.2
test_decimal128_ops,dec,0.4.8
test_decimal64_rescale,dec,0.4.8
tests::test_payment_address_alice_side,bip47,0.3.0
tests::loads_ok,tz-search,0.1.1
test_decimal128_special_value_coefficient,dec,0.4.8
test_decimal64_special_value_coefficient,dec,0.4.8
mlu::mlu,lcms2,6.0.0
test_ordered_decimal64,dec,0.4.8
compression::bzip::tests::test_decompress,flatarchive,0.0.1
test_mixed,phar,0.0.3
tests::test_compressed_writer_bz2,final_compression,1.0.0
write::tests::smoke,bzip2,0.4.4
read::tests::zero_length_read_at_eof,bzip2,0.4.4
compression::tests::test_read_bzip2,entab,0.3.1
tests::should_return_no_zipcodes,zipcodes,0.3.3
tar_bz2_archive,arkiv,0.5.0
bufread::tests::bug_61,bzip2,0.4.4
test_decnum_tryinto_primitive,dec,0.4.8
test_standard_notation_decimal,dec,0.4.8
decnum_round_reduce_to_place,dec,0.4.8
decnum_round_to_place,dec,0.4.8
custom_test_teeworlds07,twmap,0.10.0
test_ordered_decimal128,dec,0.4.8
signature::tests::test_sign_verify,near-crypto-v01,0.1.0
tests::decode_and_save,h264bsd,0.1.1
test::smoke_test,klu-rs,0.4.0
tests::decode_buffer_to_small,lzfse,0.1.0
test::test_empty_blake2b,blake2_c,0.3.3
c_api::xbuf::tests::test_grow,tectonic_engine_bibtex,0.2.1
file_tracker::tests::test_delete_file,distill-daemon,0.0.3
transaction::test::test_concurrent_writers,distill-downstream-lmdb-rkv,0.11.0-windows-fix
auth::tests::auth,nostr-extensions,0.4.2
test_iter,nostr-kv,0.3.0
env::tests::create_database_without_commit,heed,0.20.0-alpha.4
iter::tests::prefix_iter_with_byte_255,smolheed,0.1.0
storage::trie_store::tests::concurrent::lmdb_writer_mutex_does_not_collide_with_readers,casper-execution-engine,5.0.0
environment::test::test_freelist,lmdb-rkv,0.14.0
transaction::test::test_drop_db,monero-lmdb-rkv,0.1.0
check_veggies,megadex_derive,0.1.0
test::it_initializes,glean-preview,0.0.5
iterate_test,mdl,1.0.5
test_utils::issue_21_regression,lmdb,0.8.0
tests::conversion::hash_set,brioche-ducc,0.1.2-brioche
tests::bytes::to_vec,ducc,0.1.5
tests::eval_string_boolean_true,duk,0.3.0
ret_ref_array,dukt-macros,0.1.1
tests::serialized,dukt,0.1.0
tests::c_stuff,dukt,0.1.0
util::tests::test_seedchan2xchan,mseed,0.5.0
util::tests::test_xchan2seedchan,mseed,0.5.0
test_regex,quickjs_regex,0.2.3
deserialize_env::test::test_local_util_matches,ast-grep-config,0.12.1
relational_rule::test::test_inside_field,ast-grep-config,0.12.1
constraints::test::test_non_serializable_kind,ast-grep-config,0.12.1
matcher::kind::test::test_kind_potential_kinds,ast-grep-core,0.12.1
testcases,bad64,0.6.0
relational_rule::test::test_has_until_should_be_inclusive,ast-grep-config,0.12.1
test_overloading,dec,0.4.8
compression::lz::tests::test_read_doc_spec_block,n5,0.7.6
decoder::test::test_decoder_smallest,lz4,1.24.0
tests::encode_lz4,smush,0.1.5
tests::test_compressed_writer_lz4,final_compression,1.0.0
v105::tests::write_read_identity_v105_compession,bsalib,0.1.0
encoder::test::test_encoder_smoke,lz4,1.24.0
decoder::test::test_decoder_send,lz4,1.24.0
fetch::credentials::test::credentials_build_form_test,advocat,3.0.0
execution::cannot_use_nullable_regex,tree-sitter-graph,0.11.0
tests::test_can_load_grammar,tree-sitter-cuda,0.20.3
tests::can_load_grammar,tree-sitter-cpp,0.20.3
compress::convert_colorspace,mozjpeg,0.10.1
compress::write_mem,mozjpeg,0.10.1
list_missing_volume,unrar,0.5.1
multi_sig::tests::serde_sig,atms,0.1.0
decode::tests::test_incr_argb,libwebp,0.1.2
lua_functions::tests::syntax_error,hlua,0.4.1
datasource::physical_plan::json::tests::test_chunked_json::case_3::chunk_size_1_10,datafusion,31.0.0
sublime::main,carbon-dump,1.2.2
select,cf_rh320u_93_reader,0.3.1
context::test::is_global_context,yusb,0.1.1
h3::child_pos_to_cell::exhaustive_res0,h3o,0.4.0
example,etch,0.4.2
field::tests::add_assign,p256k1,5.4.1
scalar::tests::add_assign,p256k1,5.4.1
lz4f::dictionary::tests::create_dictionary,lzzzz,1.0.4
h3::cell_to_child_pos::exhaustive_res2,h3o,0.4.0
bytes::tests::jit4lyfe,pcre2,0.2.4
bytes::tests::max_jit_stack_size_does_something,pcre2,0.2.4
bytes::tests::find_start_end_and_as_bytes,pcre2,0.2.4
bytes::tests::find_utf_emoji_as_bytes,pcre2,0.2.4
test::delta,librsync,0.2.3
test::signature,librsync,0.2.3
bytes::tests::capture_names,pcre2,0.2.4
tests::test_instruction_checks,rabbitizer,1.7.9
tests::test_operands_slice,rabbitizer,1.7.9
h3::are_neighbor_cells::exhaustive_res0,h3o,0.4.0
h3::are_neighbor_cells::exhaustive_res1,h3o,0.4.0
h3::are_neighbor_cells::exhaustive_res2,h3o,0.4.0
h3::cell_to_local_ij::exhaustive_res0,h3o,0.4.0
h3::cell_to_local_ij::exhaustive_res1,h3o,0.4.0
h3::cell_to_local_ij::exhaustive_res2,h3o,0.4.0
h3::cells_to_directed_edge::exhaustive_res0,h3o,0.4.0
h3::cells_to_directed_edge::exhaustive_res1,h3o,0.4.0
h3::cells_to_directed_edge::exhaustive_res2,h3o,0.4.0
h3::cells_to_directed_edge::pentagon,h3o,0.4.0
h3::directed_edge_to_cells::hexagon,h3o,0.4.0
h3::edge_length_rads::pentagon_res0,h3o,0.4.0
h3::edge_length_rads::pentagon_res1,h3o,0.4.0
h3::edge_length_rads::pentagon_res10,h3o,0.4.0
h3::edge_length_rads::pentagon_res11,h3o,0.4.0
h3::edge_length_rads::pentagon_res12,h3o,0.4.0
h3::edge_length_rads::pentagon_res13,h3o,0.4.0
h3::edge_length_rads::pentagon_res14,h3o,0.4.0
h3::edge_length_rads::pentagon_res15,h3o,0.4.0
h3::edge_length_rads::pentagon_res2,h3o,0.4.0
h3::edge_length_rads::pentagon_res3,h3o,0.4.0
h3::edge_length_rads::pentagon_res4,h3o,0.4.0
h3::edge_length_rads::pentagon_res5,h3o,0.4.0
h3::edge_length_rads::pentagon_res6,h3o,0.4.0
h3::edge_length_rads::pentagon_res7,h3o,0.4.0
h3::edge_length_rads::pentagon_res8,h3o,0.4.0
h3::edge_length_rads::pentagon_res9,h3o,0.4.0
h3::get_directed_edge_destination::exhaustive_res0,h3o,0.4.0
h3::get_directed_edge_destination::exhaustive_res1,h3o,0.4.0
h3::get_directed_edge_destination::exhaustive_res2,h3o,0.4.0
h3::get_directed_edge_destination::hexagon,h3o,0.4.0
h3::get_directed_edge_destination::pentagon,h3o,0.4.0
h3::get_icosahedron_faces::hexagon_crossing_faces,h3o,0.4.0
h3::get_icosahedron_faces::hexagon_with_edge_vertices,h3o,0.4.0
h3::grid_disk::exhaustive_res0,h3o,0.4.0
h3::grid_disk::exhaustive_res1,h3o,0.4.0
h3::grid_disk::exhaustive_res2,h3o,0.4.0
h3::grid_disk_distances::exhaustive_res0,h3o,0.4.0
h3::grid_disk_distances::exhaustive_res1,h3o,0.4.0
h3::grid_disk_distances::exhaustive_res2,h3o,0.4.0
h3::grid_disk_distances_safe::exhaustive_res0,h3o,0.4.0
h3::grid_disk_distances_safe::exhaustive_res1,h3o,0.4.0
h3::grid_disk_distances_safe::exhaustive_res2,h3o,0.4.0
h3::grid_disk_distances_unsafe::exhaustive_res1,h3o,0.4.0
h3::grid_disk_distances_unsafe::exhaustive_res2,h3o,0.4.0
h3::grid_disk_unsafe::exhaustive_res1,h3o,0.4.0
h3::grid_disk_unsafe::exhaustive_res2,h3o,0.4.0
h3::grid_distance::exhaustive_res0,h3o,0.4.0
h3::grid_distance::exhaustive_res1,h3o,0.4.0
h3::grid_distance::exhaustive_res2,h3o,0.4.0
h3::grid_path_cells_size::exhaustive_res0,h3o,0.4.0
h3::grid_path_cells_size::exhaustive_res1,h3o,0.4.0
h3::grid_path_cells_size::exhaustive_res2,h3o,0.4.0
h3::grid_ring_unsafe::exhaustive_res1,h3o,0.4.0
h3::grid_ring_unsafe::exhaustive_res2,h3o,0.4.0
h3::is_valid_vertex::hexagon_vertex0,h3o,0.4.0
h3::is_valid_vertex::hexagon_vertex5,h3o,0.4.0
h3::is_valid_vertex::valid,h3o,0.4.0
h3::local_ij_to_cell::exhaustive_res0,h3o,0.4.0
field::tests::add,p256k1,5.4.1
field::tests::mul,p256k1,5.4.1
field::tests::mul_assign,p256k1,5.4.1
field::tests::sub,p256k1,5.4.1
scalar::tests::add,p256k1,5.4.1
scalar::tests::mul,p256k1,5.4.1
scalar::tests::sub,p256k1,5.4.1
physical_plan::filter::tests::test_filter_statistics_multiple_columns,datafusion,31.0.0
it_hashes_directory,paq,1.0.1
it_hashes_directory_absolute_symlink_without_following,paq,1.0.1
it_hashes_directory_files_consistently,paq,1.0.1
it_hashes_directory_from_any_path,paq,1.0.1
it_hashes_directory_relative_symlink_without_following,paq,1.0.1
it_hashes_directory_with_file,paq,1.0.1
it_hashes_directory_with_ignored_file,paq,1.0.1
it_hashes_directory_with_ignored_subdirectory,paq,1.0.1
it_hashes_single_file,paq,1.0.1
tests::aead,trussed,0.1.0
tests::convert_pattern_data,volcasample-sys,0.1.0
testnet3::test_powers_of_beta_27_usrs,snarkvm-parameters,0.14.6
testnet3::test_shifted_powers_of_beta_27_usrs,snarkvm-parameters,0.14.6
f128::tests::f128_compare,softfloat-wrapper,0.3.4
f128::tests::f128_signaling,softfloat-wrapper,0.3.4
f128::tests::f128_compare,softfloat-wrapper-riscv,0.1.0
download_test,download_sdl2,0.0.3
qteslapi::test::test_sign,pqcrypto-qtesla,0.1.1
sphincsshake256256frobust::test::test_sign,pqcrypto-sphincsplus,0.6.4
sphincsshake256128frobust::test::test_sign,pqcrypto-sphincsplus,0.6.4
tests::parse,satisfactory-save-file,0.2.0
mqdss48::test::test_sign,pqcrypto-mqdss,0.3.0
sphincsharaka128ssimple::test::test_sign,pqcrypto-sphincsplus,0.6.4
sphincssha256256ssimple::test::test_sign_detached,pqcrypto-sphincsplus,0.6.4
sphincsharaka192srobust::test::test_sign,pqcrypto-sphincsplus,0.6.4
compression::tests::test_codec_lz4_raw,parquet,46.0.0
mqdss64::test::test_sign_detached,pqcrypto-mqdss,0.3.0
qteslapiii::test::test_sign,pqcrypto-qtesla,0.1.1
falcon512::test::test_sign,pqcrypto-falcon-wasi,0.2.14
ffi::test_sphincsharaka128frobust_clean::test_ffi,pqcrypto-sphincsplus,0.6.4
sphincssha256128frobust::test::test_sign,pqcrypto-sphincsplus,0.6.4
sphincssha256128ssimple::test::test_sign_detached,pqcrypto-sphincsplus,0.6.4
dilithium2::test::test_sign_detached,pqcrypto-dilithium,0.4.6
ffi::test_sphincssha256128frobust_clean::test_ffi,pqcrypto-sphincsplus,0.6.4
falcon1024::test::test_sign_detached,pqcrypto-falcon-wasi,0.2.14
sphincssha256192frobust::test::test_sign,pqcrypto-sphincsplus,0.6.4
sphincsshake256192frobust::test::test_sign,pqcrypto-sphincsplus,0.6.4
sphincsharaka256ssimple::test::test_sign_detached,pqcrypto-sphincsplus,0.6.4
testnet3::test_powers_of_beta_26_usrs,snarkvm-parameters,0.14.6
ffi::test_mqdss64_clean::test_ffi,pqcrypto-mqdss,0.3.0
sphincsshake256128ssimple::test::test_sign_detached,pqcrypto-sphincsplus,0.6.4
ffi::test_dilithium3_clean::test_ffi,pqcrypto-dilithium,0.4.6
sphincssha256192fsimple::test::test_sign,pqcrypto-sphincsplus,0.6.4
test::solve_real_linear_system,klu-rs,0.4.0
ffi::test_qteslapi_clean::test_ffi,pqcrypto-qtesla,0.1.1
highlight::test::test_rust_source,tpnote-lib,0.22.8
field::tests::pow,p256k1,5.4.1
ffi::test_dilithium5_clean::test_ffi,pqcrypto-dilithium,0.4.6
sphincssha256256frobust::test::test_sign_detached,pqcrypto-sphincsplus,0.6.4
dilithium5::test::test_sign_detached,pqcrypto-dilithium,0.4.6
sphincssha256128frobust::test::test_sign_detached,pqcrypto-sphincsplus,0.6.4
sphincsharaka192ssimple::test::test_sign,pqcrypto-sphincsplus,0.6.4
testnet3::test_shifted_powers_of_beta_26_usrs,snarkvm-parameters,0.14.6
ffi::test_sphincsshake256256fsimple_clean::test_ffi,pqcrypto-sphincsplus,0.6.4
sphincsshake256128srobust::test::test_sign_detached,pqcrypto-sphincsplus,0.6.4
highlight::test::test_indented,tpnote-lib,0.22.8
dilithium3::test::test_sign,pqcrypto-dilithium,0.4.6
ffi::test_sphincsharaka128ssimple_clean::test_ffi,pqcrypto-sphincsplus,0.6.4
simple32_vs_reference_implementation,tab-hash,0.3.0
test::test_compression,clickhouse-driver-lz4,0.1.0
ffi::test_qteslapiii_clean::test_ffi,pqcrypto-qtesla,0.1.1
sphincsshake256256srobust::test::test_sign_detached,pqcrypto-sphincsplus,0.6.4
ffi::test_sphincssha256192srobust_clean::test_ffi,pqcrypto-sphincsplus,0.6.4
dilithium5::test::test_sign,pqcrypto-dilithium,0.4.6
ffi::test_sphincsshake256128ssimple_clean::test_ffi,pqcrypto-sphincsplus,0.6.4
sphincsshake256256srobust::test::test_sign,pqcrypto-sphincsplus,0.6.4
ffi::test_mqdss48_clean::test_ffi,pqcrypto-mqdss,0.3.0
sphincsshake256192fsimple::test::test_sign_detached,pqcrypto-sphincsplus,0.6.4
ffi::test_sphincsshake256128srobust_clean::test_ffi,pqcrypto-sphincsplus,0.6.4
sphincsharaka128fsimple::test::test_sign_detached,pqcrypto-sphincsplus,0.6.4
dilithium2aes::test::test_sign,pqcrypto-dilithium,0.4.6
falcon512::test::test_sign,pqcrypto-falcon,0.2.10
tests::validate_with_ansi_colours,rgb2ansi256,0.1.1
ffi::test_dilithium2_clean::test_ffi,pqcrypto-dilithium,0.4.6
ffi::test_sphincssha256256ssimple_clean::test_ffi,pqcrypto-sphincsplus,0.6.4
mqdss48::test::test_sign_detached,pqcrypto-mqdss,0.3.0
ips::tests::check_create_and_apply,flips-sys,0.2.1
twisted64_vs_reference_implementation,tab-hash,0.3.0
sphincssha256192ssimple::test::test_sign_detached,pqcrypto-sphincsplus,0.6.4
tests::test_hash_128,clickhouse-driver-cthrs,0.1.1
scalar::tests::mul_assign,p256k1,5.4.1
ffi::test_falcon1024_clean::test_ffi,pqcrypto-falcon-wasi,0.2.14
falcon1024::test::test_sign,pqcrypto-falcon-wasi,0.2.14
simple64_vs_reference_implementation,tab-hash,0.3.0
ffi::test_sphincsharaka192srobust_clean::test_ffi,pqcrypto-sphincsplus,0.6.4
ffi::test_sphincssha256256fsimple_clean::test_ffi,pqcrypto-sphincsplus,0.6.4
ffi::test_sphincssha256192fsimple_clean::test_ffi,pqcrypto-sphincsplus,0.6.4
sphincsshake256192srobust::test::test_sign,pqcrypto-sphincsplus,0.6.4
ffi::test_falcon512_clean::test_ffi,pqcrypto-falcon,0.2.10
sphincsharaka128frobust::test::test_sign,pqcrypto-sphincsplus,0.6.4
compression::tests::test_codec_lz4,parquet,46.0.0
sphincsharaka256srobust::test::test_sign,pqcrypto-sphincsplus,0.6.4
point::tests::test_bip_340,p256k1,5.4.1
qteslapi::test::test_sign_detached,pqcrypto-qtesla,0.1.1
ffi::test_sphincssha256128ssimple_clean::test_ffi,pqcrypto-sphincsplus,0.6.4
h3::cell_to_child_pos::exhaustive_res0,h3o,0.4.0
test::test_cifar_10_loader_rs,cifar_10_loader,0.2.0
fingerprint::test_reorder_by_connect,spdkit,0.1.0
highlight::test::test_plain_text,tpnote-lib,0.22.8
highlight::test::test_unkown_source,tpnote-lib,0.22.8
floats_roundtrip,blosc2-src,0.1.1
elf::test_coverage_elf32_sharedobj,boreal,0.3.0
tests::decision_limit,cat_solver,0.1.0
test::test_decompression,clickhouse-driver-lz4,0.1.0
chacha20poly1305::tests::seal_test_inplace,everrs,0.2.1
tests::miter_buggy_mux2,kissat,0.1.0
tests::it_works,libudis86-sys,0.2.1
big::tests::test_random_mod_order,milagro-crypto,0.1.14
slowloris,picohttpparser-sys,1.0.0
tests::use_c_api,plthook,0.2.2
tests::replace_atof,plthook,0.2.2
mqdss64::test::test_sign,pqcrypto-mqdss,0.3.0
test::build_two,rustsat-kissat,0.1.1
sat_small_unsat,rustsat-kissat,0.1.1
sat_small_sat,rustsat-kissat,0.1.1
test::configure,rustsat-kissat,0.1.1
test::build_destroy,rustsat-kissat,0.1.1
test::options,rustsat-kissat,0.1.1
test::limit,rustsat-kissat,0.1.1
small_sat,rustsat-kissat,0.1.1
small_unsat,rustsat-kissat,0.1.1
test::tiny_instance_sat,rustsat-kissat,0.1.1
unsat_small_sat,rustsat-kissat,0.1.1
unsat_small_unsat,rustsat-kissat,0.1.1
test::tiny_instance_unsat,rustsat-kissat,0.1.1
tests::panic_test,smalloca,0.1.0
test_nauty,spdkit-nauty,0.1.1
nauty::test_nauty_labels,spdkit-nauty,0.1.1
extkey_bip32::tests::test_vector_2,aigc_keychain,5.1.2
extkey_bip32::tests::test_vector_2,stack_test_epic_keychain,3.0.3
extkey_bip32::tests::test_vector_2,grin_keychain,5.1.2
keychain::test::secret_key_addition,aigc_keychain,5.1.2
keychain::test::test_key_derivation,grin_keychain,5.1.2
storage::trie_store::tests::proptests::prop_lmdb_roundtrip_succeeds_leaf,casper-execution-engine,5.0.0
dm1_dir,twmap,0.10.0
tests::gmtime_test,libtz,0.1.1
xsk233::tests::mul,xs233,0.3.0
decimal::test::to_num,tarantool,2.0.0
editor_map_bin_eq,twmap,0.10.0
tests::info,vapkey-cli,0.1.0
decimal::test::from_num,tarantool,2.0.0
fingerprint::test_molecule_fingerprint,spdkit,0.1.0
lzclose,cpclib-asm,0.7.0
test_standard_notation_dec_128,dec,0.4.8
test_decimal64_set_exponent,dec,0.4.8
utils::tests::test_utils,libhydrogen,0.4.1
tests::simple_count,pbf-reader,0.1.9
rate_limiter::tests::message,nostr-extensions,0.4.2
test_lua_fn,tinylj,0.1.3
test_push_lua_function,tinylj,0.1.3
do_bad_file,tinylj,0.1.3
do_file,tinylj,0.1.3
load_file,tinylj,0.1.3
do_invalid_string,tinylj,0.1.3
do_valid_string,tinylj,0.1.3
test_double_sentinel,tinylj,0.1.3
test_new_struct,tinylj,0.1.3
core::diger::test::conversions::_code_1_matter__Codex__Blake3_256::_ser_1_b__abcdefghijklmnopqrstuvwxyz0123456789__::control_1_Diger__new_Some__ser__Some__code__None_None_None_None__unwrap__::diger_1_Diger__new_None_Some__code__Some__control_raw____None_None_None_,cesride,0.6.1
core::diger::test::conversions::_code_1_matter__Codex__Blake3_256::_ser_1_b__abcdefghijklmnopqrstuvwxyz0123456789__::control_1_Diger__new_Some__ser__Some__code__None_None_None_None__unwrap__::diger_2_Diger__new_None_None_None_Some__control_qb64b___unwrap____None_N,cesride,0.6.1
core::diger::test::conversions::_code_1_matter__Codex__Blake3_256::_ser_1_b__abcdefghijklmnopqrstuvwxyz0123456789__::control_1_Diger__new_Some__ser__Some__code__None_None_None_None__unwrap__::diger_3_Diger__new_None_None_None_None_Some__control_qb64___unwrap____No,cesride,0.6.1
core::diger::test::conversions::_code_1_matter__Codex__Blake3_256::_ser_1_b__abcdefghijklmnopqrstuvwxyz0123456789__::control_1_Diger__new_Some__ser__Some__code__None_None_None_None__unwrap__::diger_4_Diger__new_None_None_None_None_None_Some__control_qb2___unwrap__,cesride,0.6.1
io::test_basic,strawboat,0.2.6
io::test_list,strawboat,0.2.6
io::test_list_list,strawboat,0.2.6
io::test_list_map,strawboat,0.2.6
io::test_list_struct,strawboat,0.2.6
io::test_map,strawboat,0.2.6
io::test_struct,strawboat,0.2.6
read_meta::test_read_meta,strawboat,0.2.6
elf::test_coverage_elf32_mips,boreal,0.3.0
pe::test_coverage_pe_1561_32_section1,boreal,0.3.0
core::creder::test::sanity,cesride,0.6.1
core::sadder::test::populate_from_kind_and_self_unhappy_paths,cesride,0.6.1
delta::test_create_apply,flips,0.2.1
format::tests::test_format,grebedb,1.0.0
ecdsa::tests::signature_from,p256k1,5.4.1
keys::tests::xonlykey_point,p256k1,5.4.1
ecdsa::tests::signature_generation,p256k1,5.4.1
keys::tests::pubkey_serde,p256k1,5.4.1
ecdsa::tests::signature_generation_threaded,p256k1,5.4.1
keys::tests::keypair,p256k1,5.4.1
schnorr::tests::signature,p256k1,5.4.1
ecdsa::tests::signature_serde,p256k1,5.4.1
keys::tests::xonlykey_serde,p256k1,5.4.1
tests::dyn_smalloca_test,smalloca,0.1.0
fft::domain::tests::test_roots_of_unity,snarkvm-algorithms,0.14.6
constants,sway-ir,0.46.0
hexahedron_lzma_pvtu,vtkio,0.6.3
webp_data::tests::test_encoder,webp-animation,0.8.0
literal::tests::test_expand,yatima-core,0.1.1
tests::it_works,selenite,0.6.0
tests::get_keypair_size,selenite,0.6.0
components::contract_runtime::trie_chunking_tests::returns_trie_or_chunk,casper-node,1.5.1
test::test_arch_arm64,capstone,0.11.0
decoder::tests::test_decoder_success,webp-animation,0.8.0
tests::test_awebp_to_multi_png_with_animated,dwebp,0.1.0
admin_can_entrust_secret_info_to_content_secret,crew-rs,0.1.0
