name,version
ord-liblmdb-sys,0.2.3
nativeshell_core,0.1.3
fil-blst,0.1.2
proxy-wasm,0.2.0
libpg_query-sys,0.2.1
treelite,0.1.3
vimba-sys,0.2.0
android_looper-sys,0.3.0
pulsar-sys,2.7.0
hassle-rs,0.9.0
tree-sitter-bash,0.19.0
generator,0.7.1
filemagic,0.12.3
tree-sitter-dot,0.1.6
sep-sys,1.2.0
saxx,0.1.2
nj-sys,3.0.0
android_log-sys,0.2.0
secp256k1-test,0.7.2
xdrk,1.0.0
hyperdex,1.1.0
tikv-jemalloc-sys,0.5.2+5.3.0-patched
libsamplerate,0.1.0
megadrive-sys,0.1.0
webrtc-util,0.6.0
ioctl-rs,0.2.0
liburing-sys,0.1.2
rusty_v8,0.32.1
hypr,0.0.1
libtls-sys,1.2.0
jieba,0.1.3
lua-jit-sys,2.0.50
osrandom,0.1.0
thin_cstr,0.1.1
rcublas-sys,0.5.0
mupdf-sys,0.4.1
cashweb-secp256k1-sys,0.3.1
tun-tap-new,0.1.0
cocoa-colors,0.1.2
md6,2.0.3
wasix,0.11.62
distrs,0.2.0
syscalls,0.6.7
jsonnet-sys,0.17.0
plumber-rs,0.1.2
substrate-wasmtime-jit,0.16.0-threadsafe.4
wasmer-engine-jit-near,1.0.1
physx-sys,0.8.0
tree-sitter-ocaml,0.19.0
swift-rs,0.3.0
xcb,1.2.0
ld_preload,0.1.2
flips-sys,0.2.1
embree,0.3.8
rusfuse,0.0.9
libscripthookv-sys,0.1.0
solder,0.1.6
kcp-rust-native,0.1.0
robust-predicates,0.1.4
glu-sys,0.1.4
sem,0.1.0
melib,0.7.2
geoip-sys,0.0.14
posix-ipc,0.0.3
rust-optimal-transport,0.2.0
kg-js,0.8.0
mosquitto-client-wrapper,0.3.1
wasm-rust-utils,0.2.1
tree-sitter-svelte,0.10.2
libfuzzer-sys,0.4.5
sealed_box,0.2.4
io-synesthesist,0.1.1
pmdk-sys,0.9.4
blake2b-rs,0.2.0
edgedb-tokio,0.3.0
persistent-buff,0.2.4
sunvox-sys,0.1.0
basis-universal-sys,0.2.0
evercrypt-sys,0.0.9
btrfsutil-sys,1.2.1
evil-janet,1.25.1
libutp-sys,0.1.4
pqcrypto-sphincsplus,0.6.4
rot26-rs,0.1.2
ffmpeg-wasi,0.1.12
corosensei,0.1.3
porcupine-sys,0.0.4
iocuddle,0.1.1
doomgeneric,0.3.0-beta.2
libacpica,0.0.8
printf,0.1.0
tess2-sys,0.0.1
lzip-sys,0.1.4+1.13
klee-rs,0.1.1
wrflib_glx_sys,0.0.3
common-crypto,0.3.0
fann-sys,0.1.7
sdl2_image,0.25.0
smart-contract,0.2.2
locale-settings,0.3.0
imgui-memory-editor-sys,0.3.0
core-foundation-sys,0.8.3
stuck,0.3.1
makepad-x11-sys,0.1.0
head-empty,0.1.0
exa,0.10.1
cudnn-sys,0.0.3
allegro_acodec-sys,0.0.44
ssh,0.1.4
posix-sys,0.0.1
simple_libc,0.5.0
lapack-sys,0.14.0
pqcrypto-falcon,0.2.10
whereami,1.1.1
libfmod,2.2.603
inkview-sys,0.1.2
owasm-kit,0.2.2
grin_secp256k1zkp,0.7.11
tree-sitter-erlang,0.0.1
psx,0.1.6
libaio,0.0.1
plotters-conrod,0.3.11
mediacodec,0.1.2
libafl_frida,0.8.2
libindy-sys,0.1.7-dev-0
gain,0.5.0
error-code,2.3.1
sigmap,0.1.0
nnsdk,0.2.0
tuifw-screen-ncurses,0.16.3
krb5-sys,0.3.0
assemblylift-iomod-http-guest,0.3.1
oppai-rs,0.2.3
mips-mcu,0.2.0
allegro_image-sys,0.0.44
frounding,0.0.4
min-sqlite3-sys,1.3.2
opus-sys,0.2.1
rquickjs-sys,0.1.7
http-muncher,0.3.2
uname-rs,0.1.1
pre_hf,0.0.1
os-timer,1.0.10
bc4py_hash,0.1.3
iris-ng,0.1.2
plamo,0.3.0
ifaces,0.1.0
pqcrypto-falcon-wasi,0.2.14
fluidlite-sys,0.2.1
kanshi-rs,0.1.0
tw4f,0.1.0
csfml-graphics-sys,0.6.0
tree-sitter-elisp,1.2.0
catboost2-sys,0.1.1+catboost.1.0.5
solo5-sys,0.1.0
errno-no-std,0.1.5
xrpl-hooks,0.3.1
wasmer-runtime-core,0.17.1
freertos-sys2,0.2.0
libscmp,0.2.0
gurobi-sys,0.3.0
tree-sitter-sourcepawn,0.5.0
ax25,0.2.0
civet,0.12.0-alpha.5
epicinium_lib,1.1.0
riscv-minimal-rt,0.5.0
ioctl-sys,0.8.0
libftd2xx-ffi,0.8.5
secp256k1-sys,0.6.1
kanameshiki-sys,0.1.0
bbhash-sys,0.1.0
catboost-sys,0.1.6
voxelizer,1.0.0
mongors,0.3.0-alpha.1
class_group,0.6.0
ao_rs,0.1.5
wavy,0.9.1
tree-sitter-qmljs,0.1.2
spdlog-rs,0.3.2
soroban-env-guest,0.0.9
fiftyonedegrees,0.2.17
tao-core-video-sys,0.2.0
elikar,0.1.9
nx,0.3.0
libseccomp-sys,0.2.1
libdw-sys,0.1.0
tree-sitter-beancount,2.1.1
kdb_c_api,0.1.6
louis-sys,0.6.1
cmsis-rtos2,0.1.1
deno-libffi-sys,0.0.7
ncurses-lite,0.1.1
onig_sys,69.8.1
onnxruntime-sys,0.0.14
varnish-sys,0.0.11
klein-sys,0.1.1
assemblylift-iomod-s3-guest,0.1.1
kqueue-sys,1.0.3
gdbm_compat,0.1.1
sharify,0.1.0
exacl,0.9.0
smartalloc-sys,0.2.0
devp2p-secp256k1,0.5.6
rlapack,0.0.5
wacom-sys,0.1.0
pudding-kernel,0.1.1
poly2tri,0.1.0
acl-sys,1.2.2
rust-locale,0.1.4
three_em,0.1.0
node_api_system,0.5.0
readpassphrase-sys,0.1.0
cuda_std,0.2.2
rpi-pico-sdk,0.0.1
tract-linalg,0.18.3
m2-ctrl_asm,0.1.0
libmpv-sys,3.1.0
wasm4-sys,0.1.1
lv2-sys,2.0.0
aflak_imgui-sys,0.18.1
yew_svg,0.2.1
smc,0.2.2
libinjection-rs,0.2.6
parasail-sys,0.2.5
dl-openvdb-query-sys,0.1.2
fastly-sys,0.8.9
mc-sgx-tcrypto-sys,0.3.0
panicdump,0.1.0
libflycapture2-sys,0.1.1
libssh2-sys-patched,0.3.0-p1
spiro-sys,0.1.1
minilibx,0.2.1
iceyee_random,1.0.3
rust-tdlib,0.4.1
hsa,0.1.0
dbus-rs,0.0.5
json-checker,0.1.1
kernaux-sys,0.4.0
v4l2-sys-mit,0.2.0
thunderbird,0.2.4
cadical,0.1.13
mips-rt,0.3.0
special-fun,0.2.0
blosc-sys,1.14.4
openbsd,0.1.2
liblmdb-sys,0.2.2
pmemlog-sys,0.0.1
tskit_rust,0.1.0
wasmedge_process_interface,0.2.1
dobby-sys,0.1.0
audir-sles,0.1.0
m1-ctrl,0.1.2
honestintervals,0.2.0
clear_screen,0.1.0
risc0-zkvm-circuit-sys,0.11.1
ytnef_sys,0.2.0
dont_panic,0.1.0
ryg-rans-sys,1.0.7
substrate-wasmtime-runtime,0.16.0-threadsafe.4
lookit,0.1.1
commoncrypto-sys,0.2.0
minimp4,0.1.0
sha2-asm,0.6.2
pqcrypto-frodo,0.4.11
sds,0.1.0
ssvm_tensorflow_interface,0.1.4
tree-sitter-html,0.19.0
wordexp,0.1.0
memfile,0.2.1
emacs_module_bindings,0.7.0
xkbcommon,0.5.0
lang-3bc-sys,0.1.3
freenectrs,0.1.0
trezor-crypto-lib,0.1.1
fswatch-sys,0.1.10
altv-sdk,0.2.0
mjs-sys,0.1.2
lame,0.1.3
objc-sys,0.2.0-beta.2
tls,0.0.3
near-sys,0.2.0
zstd-seekable,0.1.7
flu,0.0.2
cpp_regexp,0.6.1
tsf-sys,0.2.0
x11,2.20.0
rdkafka-sys,4.3.0+1.9.2
autd3-link-soem,2.6.0
channelz_brotli,0.6.7
vk-rs,0.1.4
k2hash-sys,0.0.1
picorv32-rt,0.5.3
tree-sitter-integerbasic,1.0.2
libc-strftime,0.2.0
termbox2-sys,0.0.1
chmlib-sys,1.0.0
gmt_mount-ctrl_sampling8000-damping002_ze30,0.1.0
mio-pidfd,0.3.0
pqcrypto-classicmceliece,0.1.7
suitesparse_ldl_sys,0.3.0
mini,0.0.4
mdbx-sys,0.12.1-2
klu_sys,0.2.0
pg_parse,0.9.1
qpdf-sys,0.1.3
objc2-foundation,0.2.0-alpha.6
stdtr-sys,0.1.0
libraw-rs-sys,0.0.4+libraw-0.20.1
ontio-std,0.5.0
tss-tspi,0.0.1
quickjs_regex_backend,0.1.0
wg-sys,0.1.0
openh264-sys2,0.3.0
joss,0.0.2
lz4-sys,1.9.4
hcap,0.0.2
libesedb-sys,0.1.2
gsm-sys,0.0.2
wadi,0.0.4
GSL-sys,3.0.0
meshopt,0.1.9
sciter-rs,0.5.58
pngquant,3.0.0
russell_stat,0.4.1
ruspiro-allocator,0.4.6
flutter_engine_context,0.1.0
assemblylift-iomod-lambda-guest,0.1.1
rust_storage_interface_library,0.1.30
xlang_abi,0.2.0
ord-lmdb-zero,0.4.5
ecos-rs,0.1.0
tetsy-secp256k1,0.7.0
rustgym-testcpp,0.1.0
rofi-plugin,0.1.0
alloc_system,0.1.2
libsqlcipher-sys,0.9.0
concordium-std,4.0.0
xmp_toolkit,0.7.6
jitterentropy-sys,0.1.0
libpapi_sys,0.1.7
egli,0.5.0
yew-stdweb,0.18.0
js_ffi,0.8.0
xlang_host,0.2.0
yareio,0.1.4
bwapi_wrapper,0.2.2
red,0.1.1
tree-sitter-typescript,0.20.1
ugli-webgl,0.1.0
rustler_sys,2.2.0
mazzaroth-rs,0.8.1
img-rs,2.27.0
nozzle-bindings,1.0.0+1.90.632-b035
sapp-wasm,0.1.26
kioto,0.0.1
fap,0.2.1
interfaces2,0.0.5
libusb1-sys,0.6.4
oci_rs,0.8.0
libffi-sys,2.0.1
termorrow,0.1.0
pmem-sys,0.0.3
zellij-tile,0.32.0
tibco_ems-sys,1.0.5
libinchi-sys,0.1.0
web3api-wasm-rs,0.0.1-prealpha.85
bitmagic-sys,0.2.4+bitmagic.7.7.7
wkhtmltox-sys,0.1.2
ahv,0.2.0
libswe-sys,0.2.7
rpi-pico-sdk-sys,0.0.2
libc_alloc,1.0.4
julia-sys,0.2.0
rust_sm,0.1.7
android_sensor-sys,0.1.4
utime,0.3.1
espeak-sys,0.0.2
pkcs11-bindings,0.1.2
wasmer-runtime-core-asml-fork,0.1.1
z3-sys,0.7.1
nvml-binding,0.1.0
libpng-sys,1.1.9
ucontext,0.0.5
imxrt1062-core,0.1.1
luasocket,0.1.9
tskit,0.12.0-alpha.1
filament-bindings,0.2.2
ctaes-sys,0.1.0
tree-sitter-lua,0.0.14
libspnav-bindings,0.1.0
libwebp,0.1.2
file-metadata,0.0.3
openbabel-sys,0.5.0+openbabel-3.1.1
suricata,6.0.4-alpha.1
weresocool_lame,1.0.39
edjx,0.1.1
cue-sys,1.0.0
metal-sys,0.0.0
lmdb-zero,0.4.4
symbolic-demangle,10.1.2
macos-spotify,0.0.3
redis-module,1.0.1
wasm-opt,0.110.2
zmq-ffi,0.1.3
cudd-sys,1.0.0
dmx-termios,0.3.0
alpino-tokenizer-sys,0.2.1
ndi,0.1.2
volcasample-sys,0.1.0
ash-direct-entry,0.2.0
bcc-sys,0.23.0
mem_cmp,0.1.4
wasmer-runtime-core-near,0.18.3
psp2-sys,0.2.2
notmuch-sys,4.4.2
voroxx,0.1.1
sophia-sys,0.1.0
netsnmp-sys-nocrypto,0.1.3
minicov,0.2.4
stdweb-logger,0.1.1
drogue-ffi-compat,0.1.0
k4a-sys,0.2.0
libdb-sys,0.1.1
rsnowboy,0.1.0
bayestest,0.1.1
mallocator,0.1.0
btreec,0.3.0
tracy-client-sys,0.19.0
blake,2.0.2
mc-sgx-urts-sys,0.3.0
yacurses,0.2.4
stackful,0.1.5
ufbx,0.3.0
verneuil,0.6.4
ckb-vm-aot,0.22.0
liblinear,1.0.0
mouse-rs,0.4.2
crt0stack,0.1.0
mimallocate-sys,0.1.1
crash-context,0.4.0
sqlite-vfs,0.2.0
fltk,1.3.19
tree-sitter-yabo,0.0.1
capstone-sys,0.15.0
coin_cbc_sys,0.1.2
objrs_runtime,0.0.2
tree-sitter-hare,0.20.7
gd32f3x0-pac,0.1.0
taglib-sys,1.0.0
f128_internal,0.2.2
libz-sys,1.1.8
libc-extra,0.3.2
glslopt,0.1.9
backtrace-sys,0.1.37
security-framework-sys,2.6.1
parity-util-mem,0.12.0
halide-runtime,0.6.1
sixel-sys,0.3.1
wasmtime-jit,1.0.2
lua-rs,0.0.11
absperf-minilzo-sys,2.10.0
rt-xenomai,0.1.2
autd-twincat-link,9.0.1
rart-rs,0.0.8
fts,0.3.0
rust-GSL,0.4.10
time-format,1.1.2
roxido,0.5.0
unw,0.1.0
arcdps-imgui-sys,0.8.0
libwren-sys,0.1.0
rsfbclient-core,0.21.0
machinery-api,0.5.0
cxterminfo,0.2.0
nanos-sdk-rs,0.2.0
owfs,0.0.8
irondash_engine_context,0.1.0
argon2-sys,0.1.0
intel_tex_2,0.2.0
parenchyma,0.0.33
pardiso-sys,0.2.0
glk-sys,0.2.0
rust-scrypt,1.3.0
ifcfg,0.1.2
num-shaman,0.1.0
tcc,0.1.0
aio-bindings,0.1.2
mount-ctrl_sampling8000-damping0005,0.1.0
libmapvxl-rs,0.1.0
scratchstack-wrapper-aws-lc,0.1.0-alpha.7
xdelta3,0.1.5
c-scape,0.6.1
libeyelink-sys,0.1.4
tree-sitter-hlsl,0.1.2
wirehair-wrapper,0.1.3
xhook-sys,0.2.0
plotters-iced,0.3.3
px4,0.2.4
netsnmp-sys,0.1.1
kissfft-sys,0.1.0
rust-macios,0.4.0
csfml-audio-sys,0.6.0
xi-trace,0.2.0
gmt_mount-ctrl_sampling8000-damping002,0.0.1
libvmm,0.1.0
groestlcoinconsensus,2.20.1-0.5.0
zstd-sys,2.0.1+zstd.1.5.2
freefare-sys,0.2.0
libafl_targets,0.8.2
glpk-sys,0.2.0
cityhash-sys,1.0.2
ez_audio,0.1.6
fmod,0.10.2
spirv-reflect,0.2.3
sleigh-sys,0.1.0
cashaccount-sys,0.1.1
lzf-sys,0.1.0
experimental-tree-sitter-swift,0.0.3
libwfa,0.1.2
caldera-bindings,0.1.0
quickjs-sys,0.1.0
ring-fork-dtool,0.16.13
md5-asm,0.5.0
tomcrypt-sys,0.1.0
rute,0.0.6
ntru,0.5.6
libhdfs3-sys,0.2.0
wasmesh,0.1.0
libpgquery-sys,0.1.0
mpv-client,0.3.1
freestanding-musl-malloc,1.0.0
get_env,0.1.0
mmap-rs,0.4.0
visa-sys,0.1.4
libsqlite3-sys,0.25.2
rkrga-sys,0.1.1
sctp,0.1.5
wasmhaiku-glue,0.1.0
sandbox-ipc,0.4.0
termbox2-rs,0.1.0
protobuf-native,0.2.1+3.19.1
arfur-rev,0.0.1
vk-mem-erupt,0.2.4
bladerf,0.1.0
gdbstub,0.6.3
z3_ref,0.1.4
rust-gmp-kzen,0.5.1
miniaudio-sys,0.0.0
exonum_libsodium-sys,0.0.24
hermit-abi,0.2.6
csfml-system-sys,0.6.0
gdhcocos-rs,1.0.0
icasadi_test,0.0.2
nuki-sys,4.6.1
drone-test,0.1.2
t-cmd,0.1.0
guile-sys,0.1.1
cxx,1.0.81
mcl,0.5.0-alpha
cr-sys,0.1.1
opensles-sys,0.0.6
rust-corosync,0.2.3
ni-syscfg-sys,20.5.0
bpfjit,0.1.1
wpilib-sys,0.4.0
dilithium-raw,0.1.0
libaudioverse-sys,0.1.0
pqcrypto-dilithium,0.4.5
termios-sys,0.0.6
blip_buf-sys,0.1.4
gnupg,0.1.0
perfrecord-mach-ipc-rendezvous,0.2.1
libxlsxwriter-sys-cs,1.1.4-2
duckdb-extension-framework,0.5.0
urcu,0.0.3
ws281x,0.1.0
tree-sitter-merlin6502,1.0.0
tree-sitter-dockerfile,0.1.0
gmt_mount-ctrl_sampling8000-damping002_ze60,0.1.0
sapp-jsutils,0.1.5
syrette,0.4.1
jvm-rs,0.2.0
libxm-soundboard,0.0.3
erfs-rt,0.1.2
descent_ipopt,0.5.0
rusty_qjs,0.0.1
librocksdb-sys,0.8.0+7.4.4
tree-sitter-rust,0.20.3
stackalloc,1.2.0
powerline-rs,0.2.0
bluetooth-serial-port,0.6.0
dmx-serial,0.4.0
ruby-mri,0.0.1
sancov-sys,0.1.0
parity-secp256k1,0.7.0
distill-downstream-lmdb-sys,0.8.0-windows-fix
ecal,0.1.0
dirent-sys,0.2.0
cblas_ffi,0.1.0
emd,0.1.1
heim-process,0.1.1-rc.1
tree-sitter-ccomment,0.19.0
r_mathlib,0.1.0
liblmod,0.2.0
libheif-sys,1.12.0
libxml,0.3.1
vorbis-encoder,0.1.4
rsffish,0.0.15
nauty-Traces-sys,0.3.0
clhash-sys,0.1.0
cldnn-sys,0.1.0
alpm-ll,3.0.0
vl53l1x,1.2.0
compiler_builtins,0.1.83
mono-rs,0.1.10
ncursesw,0.6.4
neptune-lang,0.1.3
rbothal,0.0.2
odbc-ffi,0.2.4
opensql,0.1.4
mach2,0.4.1
vk-mem,0.2.2
auxv,0.3.3
tree-sitter-onotone,0.1.1
unqlite,1.5.0
tinycdb-sys,0.0.2
scs-rs,0.1.0
tree-sitter-rst,0.1.0
dispatch2,0.1.0
ovr_overlay_sys,0.0.0
opensles,0.0.1
embedded-freetype-sys,0.2.0
crash-handler,0.4.0
memflow-kvm-ioctl,0.1.0
tree-sitter-c-sharp,0.20.0
index-ext,1.0.0-beta.0
webgl_stdweb,0.3.0
autopilot,0.4.0
dec-number-sys,0.0.22
rp-sys,0.28.1
flipperzero-sys,0.3.1
azure-kinect-sys,0.2.0
godot-sys,0.1.0
pqcrypto-rainbow,0.3.0
rmw-mdbx-sys,0.9.3
rxscreen,0.1.3
luajit2-sys,0.0.2
goods-treasury-import-ffi,0.1.0
fuchsia-cprng,0.1.1
tree-sitter-clingo,0.0.12
endpointsecurity,0.3.0
mc-sgx-tservice-sys,0.3.0
semolina,0.1.2
spirv-tools-sys,0.7.0
bevy-glsl-to-spirv,0.2.1
mp4parse_fallible,0.0.3
mond,0.1.0
wow-rs,1.0.0
CoreFoundation-sys,0.1.4
cabocha,0.2.0
libgit2-sys,0.14.0+1.5.0
lzma-sys,0.1.20
leap-sys,0.2.0
libtaos,0.4.5-alpha.0
netdevice,0.1.1
yoga,0.3.1
curl-sys,0.4.59+curl-7.86.0
hwloc,0.5.0
bk_allocator,0.1.0
betrusted-rt,0.0.1
iredismodule,0.3.0
tree-sitter-json,0.19.0
capctl,0.2.2
pns,0.12.0
jh-ffi,0.5.0
rust_graphics_log,0.1.7
mc-sgx-tstdc-sys,0.3.0
polyhorn-android-sys,0.4.0
printf-rs,0.1.1
emojicode-sys,0.1.4
faiss-sys,0.6.0
libmotor-sys,0.1.0
wasmer-vm-near,2.4.0
mini-backtrace,0.1.3
cryptsetup,0.2.0
iron-oxide,0.1.1
librsb-sys,0.1.1
libc-nnsdk,0.2.0
interception-sys,0.1.3
openssl-sys,0.9.77
tid-rs,0.1.1
luau-src,0.3.0
ccdb,1.6.1
coroutines,0.2.0
ctre-sys,5.4.0
slang-sys,0.1.2
vertigo-browserdriver,0.1.0-beta.3
libmarpa-sys,0.2.0
mrusty,1.0.0
librespot-tremor,0.2.0
librados-sys,0.1.0
rlimit,0.8.3
text-transliterate,2.0.0
libafl,0.8.2
byztime-sys,2.0.0
optee-utee-sys,0.0.1
tree-sitter-jack,0.1.1
libsbc-sys,0.1.2
rs_concaveman,1.0.4
mc-sgx-dcap-ql-sys,0.3.0
flo_render_gl_offscreen,0.3.0
chip,0.0.6
opentok-rs-sys,1.0.4
zinzen,0.1.0
edgedb-client,0.3.0
armory3d-sys,0.0.1
keybinder,0.4.0
bash-builtins,0.3.0
cleo_redux_sdk,0.0.13
wasmbox,0.1.1
fltk-sys,1.3.19
wildmidi,0.1.1
ladspa-sys,0.1.0
rust-tcl-sys,0.2.0
virt,0.2.11
win32api-rs-sys,0.1.0
brotlic-sys,0.2.0
js,0.4.3
rmp3,0.3.1
rfetch,0.4.2
jabcode,1.1.0
linxal,0.6.0
uv-sys,0.1.0
cd-utils,1.0.0
pqcrypto-hqc,0.1.6
edgedb-sdk,0.1.0
autd3-soem-link,1.10.0
xapian-rusty,0.0.49
sdl2_mixer,0.25.0
duktape_ffi_raw,2.30.0
assemblylift-core-guest,0.4.0-alpha.0
pikchr,0.1.1
source-map-mappings-wasm-api,0.5.0
aubio-sys,0.2.1
librgbmatrix-sys,0.4.0
fd-passing,0.0.1
mbedtls-sys,0.0.2
zfp-sys-cc,0.1.3
lcms2-sys,4.0.0
cloudflare-zlib-sys,0.3.0
flb-plugin-sys,0.1.0
pqcrypto-threebears,0.2.0
rusty-cl,0.1.8
sparse_complex,0.1.4
tarantool-module,0.2.1
nitrokey-sys,3.7.0
nfc-sys,0.1.5
uefi-ffi,0.1.1
cfile,0.5.1
libwebp-sys2,0.1.4
assemblylift-core-io-guest,0.4.0-alpha.0
mpv,0.2.3
tree-sitter-ygg,0.1.0
db3-sqlparser,0.0.1
openjpeg-sys,1.0.7
objrs_macros,0.0.2
model3d,0.0.1
minilz4,0.5.0
mdbx-ffi,0.0.5
libhydrogen-sys,0.9.1
x42ltc-sys,0.0.5
ttspico-sys,0.1.5
nvfbc-sys,0.1.0
thread_tryjoin,0.3.0
wireguard-tools-rs,0.1.0
pmemblk-sys,0.0.2
redox_uefi_std,0.1.8
terminal-input,0.1.0
adept2-sys,0.1.0
cdivsufsort,2.0.0
ispc-tex,0.1.0
notmuch,0.8.0
palaver,0.3.0-alpha.3
os-id,3.0.1
js-canvas-rendering-context-2d,0.3.0
ttf2mesh-sys,0.1.2
russimp-sys-static,1.0.1
pprof,0.11.0
ndless-sys,0.2.0
libvips,1.4.3
ironbird_engine_context,0.1.0
deno,1.27.2
yew_simple,0.3.0
ntrumls,0.9.6
wasmboy,0.0.2
tree-sitter-cpp,0.20.0
libXNVCtrl-sys,1.29.2
libnv-sys,0.1.4
ssvm_process_interface,0.1.4
hourglass,0.8.0
woff2-sys,0.0.1
luajit-bindings,0.2.0
usermode,0.1.0
xattr,0.2.3
proc_monitor,0.1.2
bern-kernel,0.3.0
wasmer-engine-jit,1.0.2
pepegsitter,0.1.0
mouce,0.2.41
remotery,0.1.2
smalloca,0.1.0
coreutils_core,0.1.1
dji-thermal-sys,0.1.0
gdbm-sys,0.3.0
chibios,0.1.0
feaders,0.2.0
mach_o_sys,0.1.1
fnmatch-sys,1.0.0
csfml-window-sys,0.6.0
rust-lirc-client-sys,0.2.0
libpulse-sys,1.19.3
td_rthreadpool,0.1.2
finitefields,0.1.1
d4-hts,0.3.7
cxl_rs,0.0.5
packed_simd_2,0.3.8
solace-sys,0.1.0
nfc,0.1.11
iana-time-zone-haiku,0.1.1
fasthash-sys-fork,0.4.2
mesh-portal-versions,0.2.0-rc1
astcenc-sys,0.1.5
truncnorm,0.5.1
allocator_stub,0.1.0
regress,0.4.1
tidy-tuntap,0.2.0
srt-c,0.3.0
tundevice,0.1.4
lzfse-sys,1.0.0
lua52-sys,0.1.2
algebraics,0.3.0
xtensa-lx6-rt,0.4.0
out123-sys,0.5.0
libcwtch,0.4.0
aingle_wasmer_guest,0.0.1
ffts-sys,0.1.3
suitesparse_camd_sys,0.1.1
fluidsynth,0.0.1
mecab,0.1.5
block-sys,0.1.0-beta.1
wgctrl-sys,0.1.0
a-half,0.1.0
ipmiraw,0.5.0
redhook,2.0.0
tree-sitter-cmake,0.1.0
eth_pairings_cpp,0.1.1
plthook,0.2.2
libts,0.1.1
tabox,1.3.0
locale,0.2.2
rlua-lua51-sys,0.1.3
launch-services,0.0.2
gmt_mount-ctrl_sampling8000-damping002_ze00,0.1.0
boolector-sys,0.7.1
ao,0.6.1
nonblocking_socket,0.0.2
divert,0.4.0
stick,0.12.4
libspinnaker-sys,0.1.0
ipc-rs,0.4.2
mozlz4-sys,0.1.0
pyo3-ffi,0.17.3
hdi,0.1.8
pqcrypto-kyber,0.7.6
pikchr-sys,0.1.1
winutils-rs,0.2.2
makepad-glx-sys,0.1.0
llua,0.1.2
ogg_next_sys,0.1.1
eigen_crypto,0.1.1
wrflib_x11_sys,0.0.3
eosio_sys,0.2.0
oal-sys,0.0.2
farmhash-ffi,0.1.0
webp-dev,0.4.1
alpm-rs,0.1.24
sdl,0.3.6
libzfs_core-sys,0.1.0
tree-sitter-javascript,0.20.0
rust-dpdk,0.0.1
moonramp-lunar-core,0.1.22
rftrace-frontend,0.1.0
tobii-sys,0.2.0
exmod,0.3.3
cstrptr,0.1.2
bddisasm-sys,0.2.1
secp256k1-plus,0.5.7
slides,0.1.5
monosodium,0.1.0-pre.1
tetsy-util-mem,0.9.1
xtb-model,0.0.6
xxhash-c-sys,0.8.3
os_clock,0.3.1
liblightning,0.0.2
beastlink,1.0.0
luis_sys,0.4.5
zmq-sys,0.12.0
libcimgui-sys,1.88.0
vigem-sys,1.1.0
localforage-stdweb,0.2.1
libudis86-sys,0.2.1
tarantool,0.6.3
ark-api-ffi,0.17.0-pre.11
eosio_cdt_sys,0.3.0
blis-sys,0.3.0
rust-sgx-util,0.2.3
libtirpc-sys,0.2.0
keystone,0.9.0
pam-bindings,0.1.1
lucet-runtime-internals,0.6.1
sapio-secp256k1-sys,0.5.3
cuda-driver-sys,0.3.0
lua-latest-sys,0.0.2
openssl-kdf,0.4.1
everrs,0.2.1
scale-core,0.1.2
ch347_rs,0.2.1
exprtk_sys,0.1.0
tree-sitter-nasl,0.1.0
postgres-extension,0.1.1
dmntk-feel-number,0.0.46
rt-rtai,0.1.4
redismodule,0.1.2
kmod-sys,0.1.2
gaborator-sys,0.1.1
xz-embedded-sys,0.1.1
ev3rt,0.3.0
service-management-sys,0.1.0
ia,0.1.2
botan-sys,0.8.1
dbs-utils,0.2.1
libperl-sys,0.2.0
vterm-sys,0.1.0
ipcs-runtime,0.0.2
libperl-rs,0.2.0
tree-sitter-cuda,0.20.2
three-des-rs,0.1.0
freeswitchrs,0.1.1
teensy4-bsp,0.3.0
sapp-linux,0.1.15
p256-cm4,0.3.0
lapacke-sys,0.1.4
bcrypt-bsd,0.1.3
libelf-sys,0.1.0
rs-gles2,0.1.4
cortex-m,0.7.6
cpp_new,0.1.0
unblock,0.6.0
sdl2-sys,0.35.2
lxc-sys2,1.0.0
allocator-suite,0.1.7
tree-sitter-cwscript,0.0.5
voikko-rs,1.1.0
duktape_ffi,0.0.1
mappum-librocksdb-sys,6.7.0-alpha.1
mvsdk,0.1.1
mdbook-pikchr,0.1.4
assemblylift-awslambda-iomod-guest,0.1.1
snap7-sys,0.1.4
signal-child,1.0.5
oracle,0.5.6
libssh,0.0.1
rsasl,2.0.0-rc.3
pinar-napi-sys,0.1.0
oculussdk-sys,0.1.0
gli-rs,0.4.0
float_extras,0.1.6
glommio,0.7.0
ipcon-sys,0.1.2
nvtx,1.1.1
haru,0.29.5
pqcrypto-qtesla,0.1.1
fsevent-stream,0.2.3
psrdada-sys,0.2.0
vk-mem-3-erupt,0.4.0+3.0.1
libpg_query2-sys,0.2.2
kerrex-gdnative-sys,0.1.3
boringssl,0.0.5
tree-sitter-swift,0.3.4
megenginelite-sys,1.8.2
libduckdb-sys,0.5.1
libceed-sys,0.9.0
webrtc-vad,0.4.0
cfx-core,0.1.0
nsi-sys,0.2.1
nvpair-sys,0.4.0
core_bluetooth,0.1.0
nanorand,0.7.0
hidapi-rusb,1.3.2
ispc-downsampler,0.1.0
liblmdb-sys-m,0.2.3
breakpoint,0.1.0
ld46,0.2.7
wuffs-sys,0.1.0
risc0-zkvm-guest,0.11.1
libmf,0.2.2
slitter,0.1.0
tree-sitter-r,0.19.5
cheapalloc,0.1.0
cuda-runtime-sys,0.3.0-alpha.1
fuchsia_backtrace,0.1.0
minisat,0.4.4
mpg123-sys,0.6.0
tree-sitter-preproc,0.19.0
moore-hilbert-sys,0.1.0
superlu-sys,0.3.2
reaper-low,0.1.0
angrylion-rdp-plus-sys,0.2.0
rust_sodium-sys,0.10.4
om-fork-ep-miniaudio-sys,2.5.0
syslog-rs,0.4.1
parasite,0.1.1
libbluetooth,0.1.0
gbm-sys,0.2.1
msdfgen-sys,0.1.0
spdkit-nauty,0.1.1
mugle_secp256k1zkp,0.7.12
aotuv_lancer_vorbis_sys,0.1.0
onnxruntime-sys-patch,0.0.14
nuttx-embedded-hal,1.0.10
arfur-wpilib,0.0.2
libyubihsm,0.2.1
psp,0.3.2
TerminalUI,0.1.5
companion-service,0.1.0
newt-sys,0.1.9
scallop,0.0.1
libyaml-sys,0.1.0
zaplib_objc_sys,0.0.3
v8,0.54.0
bliss-audio-aubio-sys,0.2.0
collenchyma,0.0.8
mc-sgx-trts-sys,0.3.0
duku,0.2.1
grb-sys2,9.5.0
c-ffi,0.4.6
skyline,0.2.1
libsix,0.0.2
lm3s6965,0.1.3
nncombinator,0.6.0
rs-streams,0.1.8
oasis-std,0.4.1
cublas-sys,0.1.0
termbox_simple,0.2.3
zaplib_glx_sys,0.0.3
login_cap-sys,0.1.0
flow,0.3.5
embed_plist,1.2.2
relp-num,0.1.10
gmt_mount-ctrl_sampling1000-damping002_ze00,0.1.0
rttrust,0.1.3
napi-sys-dev,0.0.3
rsofa,0.4.5
triangle-rs,0.1.2
pffft_rust,0.1.2
chlorate,0.1.6
blake3,1.3.1
sgx-keyreq,0.2.1
bustd,0.1.1
unrar_sys,0.2.1
blas-sys,0.7.1
zopfli-rs,0.1.1
vosk-sys,0.1.1
yoga-sys,0.2.3
daku,0.4.0
minidl,0.1.4
tree-sitter-openscad,0.4.2
moonboot,0.1.2
minimp4-sys,0.1.0
sidekiq-rs,0.7.0
cryptonote-raw-crypto,0.5.7
nuklear-sys,4.0.5
fazi,0.1.3
xgboost-sys,0.1.2
qemu_libafl_bridge,0.3.2
rust-libretro-sys,0.1.5
emacs_module,0.18.0
owasm2,0.1.8
msica,0.3.0
libusb-native,0.1.0
fisco-bcos-service,0.4.1
vmw_backdoor,0.2.1
h3ron-h3-sys,0.15.2
term_size,1.0.0-beta.2
io-lifetimes,1.0.1
js-promises,0.1.0
tweetnacl-sys,0.1.5
sqlite-pagecache,0.1.0
libiio-sys,0.3.1
elise-gc,0.1.1
proxy-wasm-experimental,0.0.8
deepspeech-sys,0.9.1
owasm-std,0.20.1
cmsis_dsp_sys_pregenerated,0.1.0
sdl2_ttf,0.25.1
rsjs,0.1.2
siquery,1.2.0
rad1o-l0dable,0.0.0
detour-sys,0.1.0
hoedown,6.0.0
clear_on_drop,0.2.5
openthread-sys,0.1.4
wasi-core,0.2.0
inputsynth,0.1.1
superluminal-perf-sys,0.1.2
vk-mem-alloc,0.1.1
webcam,0.0.0
bearssl,0.0.1
tracefp,0.0.1
libcruby-sys,0.7.5
xmutil,1.1.0
winfw,0.1.6
libjit-sys,0.2.1
zui-core,0.0.3
duk-sys,0.3.0
tree-sitter-ssh-client-config,1.0.3
jump,0.1.0
particles,0.1.0
gperftools,0.2.0
dittolive-ditto-sys,2.1.0
clf,0.1.4
libmimalloc-sys,0.1.27
hiredis-sys,0.4.1
minilzo-rs,0.6.0
cue-sdk-sys,0.0.5
clickhouse-rs-cityhash-sys,0.1.2
cat-rs,0.1.0-alpha.0
cpuprofiler,0.0.4
ethash-sys,0.1.3
agora-rtm,0.1.3
rustlearn,0.5.0
fe_rtos,0.1.1
cargon,0.0.1
async-timer,1.0.0-beta.8
getopt-long,0.3.0
mechtron,0.3.4
magic-sys,0.3.0
daemonize,0.4.1
vlc-rs,0.3.0
decnumber-sys,0.1.5
irssi-sys,0.1.0
mp4decrypt,0.2.1+1.6.0-639
core_arch,0.1.5
panic-ramdump,0.1.1
pen-ffi,0.10.1
rayfork-sys,0.0.1
wapc-guest,1.0.0
openmp-sys,1.2.3
lilv-sys,0.2.1
gettext-sys,0.21.3
hamming_rs,0.2.21
tree-sitter-toml,0.20.0
sha1-asm,0.5.1
eth-secp256k1,0.5.7
chromaprint,0.2.0
arducam_mipicamera,0.1.1
fg,0.1.4
libunicorn-sys,0.9.1
libzui,0.0.3
cozorocks,0.1.0
tree-sitter-sql-bigquery,0.0.22
webm-sys,1.0.3
wasmer-clif-backend-fl,0.17.0
tree-sitter-embedded-template,0.20.0
xtsn,0.1.1
async-graphql-extension-apollo-tracing,3.0.1
libdeflate-sys,0.11.0
rust-rsm,0.3.0
sys-info,0.9.1
spacetimedb-bindings-sys,0.3.0
network-framework-sys,0.1.0
tectonic_engine_bibtex,0.1.4
faster-beamer,0.1.7
iconv,0.1.1
aez,0.0.7
vorbisfile,0.2.2
rustier,0.1.0
wasmtime-fiber,1.0.2
elfo-core,0.1.33
php-all-sys,0.0.1
tree-sitter-vue3,0.0.4
simple-locale,0.2.0
linuxtrack-sys,1.0.1
libuv-bindings,0.2.0
applevisor-sys,0.1.0
commandspec,0.12.2
accessibility-sys,0.1.3
wasmer-engine-universal,2.3.0
bibutils-sys,0.1.1
qwac,0.10.0
sgx_libc,1.1.1
ublk-sys,0.0.0
rcap,0.1.4
ckb-x64-simulator,0.7.0
dart-sdk-sys,2.17.1
janet-ll,0.4.1
skyline-web,0.1.0
nss-sys,0.1.9
shoco-sys,1.0.0
decrunch,0.1.2
tree-sitter-vue,0.0.3
wasmer-runtime-core-fl,0.17.1
coqui-stt-sys,1.3.1
git-cinnabar,0.6.0-rc2
librsync-sys,0.1.2
nrfxlib-sys,1.5.1
seadawg,0.1.3
difftastic-oc,0.23.0
usb-compat-01-sys,0.2.2
creachadair-imath-sys,0.2.0
speedy,0.8.3
bad64-sys,0.5.0
dart-sys,2.0.1
diffsitter,0.7.1
drone-fatfs-raw,0.2.3
libnv,0.3.0
xtp,0.1.0-alpha.4
gl_loader,0.1.2
lzzzz,1.0.4
elrond-wasm-node,0.36.1
gmsh-sys,0.1.2
iflytek-sys,0.0.4
tree-sitter-wenyan,0.1.0
obs-sys,0.2.1
metacall,0.3.0
fuse-backend-rs,0.9.6
signal-hook-sys,0.1.0
libspm-rs,0.0.3
ittapi-sys,0.3.1
tmux_plugin,0.0.1
errno-dragonfly,0.1.2
windows,0.43.0
libmosquitto-sys,0.2.0
videocore-gencmd,0.1.0
chacha20stream,2.2.1
cblas-sys,0.1.4
cntrlr,0.1.0
xdrfile,0.3.0
pwasm-std,0.13.1
tinyshader-sys,0.1.0
fuzzcheck,0.12.1
vmm-sys-util,0.11.0
libc-spawn,0.0.1
spng-sys,0.2.0-alpha.2
maskedvbyte-sys,0.1.0
bluetooth-serial-port-async,0.6.3
adi,0.13.0-pre2
acpica-sys,0.0.4
evercrypt_tiny-sys,0.1.1
bearssl-sys,0.0.4
bsd_auth-sys,0.0.7
librbd-sys,0.1.0
illumos-priv,0.2.0
wasm-compiler,0.0.0
td_clua,0.1.3
fungus,0.1.27
groonga-sys,0.3.1
julius,1.0.0
syncat-stylesheet,2.2.1
minilzo-sys,0.1.0
libsodium-sys,0.2.7
d4-bigwig,0.3.6
cita-snappy,0.1.0
switchtec-user-sys,0.4.1
pqcrypto-ntru-wasi,0.5.11
tree-sitter-prisma-io,1.3.0
apriltag-sys,0.2.0
tun-tap-mac,0.1.2
dukt-sys,0.1.0
gaviota-sys,0.1.21
cobin,0.1.1
holochain_deterministic_integrity,0.0.13
hdk,0.0.160
whitebreadx,0.1.0
spice-sys,0.1.0
malloced,1.1.0
dl_api,0.4.0
android_liblog-sys,0.1.4
libaio-futures,0.2.3
fff,0.3.1
difftastic,0.37.0
pftables-rs,0.1.1
sofa-sys,2020.7.21-beta.2
risc0-zkvm,0.11.1
core-mqtt-sys,0.1.1
libnghttp2-sys,0.1.7+1.45.0
cf-daemonize,0.3.0
cbqn-sys,0.0.6
cosmic-space,0.3.4
hgdirectffi,0.1.0
robust2d,0.1.0
number_traits,0.2.4
libpostal-sys,0.1.1
gmt_mount-ctrl_sampling1000-damping002_ze60,0.1.0
sapio-wasm-plugin,0.2.0
ta-lib-sys,0.1.1
tinyspline-sys,0.2.0
clipper-sys,0.7.2
papi-bindings,0.5.0
coresimd,0.1.2
rcudnn-sys,0.5.0
eei,0.0.3
sqlite3-sys,0.14.0
json_logger,0.1.0
libretro-rs,0.1.3
packetcrypt-sys,0.4.0
menoh-sys,0.2.2
xatlas-rs,0.1.3
fontstash-sys,0.1.1
pmemkv-sys,0.1.0-alpha.0
sdl2_gfx,0.24.0
nfnetlink-sys,0.1.0
minimult_cortex-m,0.3.3
cuda-oxide,0.4.0
libusb-sys-wishbone-tool,0.2.6
picohttpparser-sys,1.0.0
vswhom-sys,0.1.1
bitcoinconsensus,0.20.2-0.5.0
croaring-sys-mw,0.4.5
libquickjs-sys,0.10.0
newrelic-sdk,0.0.3
cgroup-sys,0.1.1
mimalloc-sys,0.1.6-dev
pfm-sys,0.0.13
libc,0.2.137
linux-aio-tokio,0.3.0
pdfium-render,0.7.24
openldap,1.2.2
pmemobj-sys,0.0.1
timeout_io,0.6.0
wasmer-vm,3.0.0-rc.2
rust-gmp-serde,0.5.0
carp,0.1.0
autd-soem-link,9.0.1
ctr_etc1,0.1.0
libssh2-sys,0.2.23
mkl_link,0.1.2
mcai-onnxruntime-sys,0.0.15
wasm-bus,1.1.0
rax,0.1.5
softfloat-rs,0.1.0
libblkid-sys,0.1.0
cosmian-wit-bindgen-rust,0.1.1
rslab,0.2.0
eunomia-rs,0.1.0
mex-sys,0.1.0
mvnc,0.3.0
input-sys,1.16.1
x11nas,2.19.1
libseccomp-rs,0.1.0
stdweb,0.4.20
clockkit,0.2.1
tun-driver,0.1.0
luacjson,0.1.2
rubbl_casatables,0.6.0
libsvm-sys2,4.0.0
ast-grep-tree-sitter-c-sharp,0.20.0
shm,0.1.0
wmm,0.2.1
no-panics-whatsoever,0.1.0
termios,0.3.3
ahrs-fusion,0.4.0
terminal_cli_termion,0.1.0
judy,0.0.3
uu_stdbuf_libstdbuf,0.0.16
bchlib-sys,0.2.1
fastlz-sys,0.1.0
libsodium-sys-stable,1.19.22
tree-sitter-apex,1.0.0
empy,1.0.0-alpha2
winspawn,0.1.1
planetr,0.2.0
esaxx-rs,0.1.8
nbdkit,0.2.0
context,2.1.0
file-descriptors,0.9.1
rnet,0.2.0
dvdcss,0.1.2
starkware-crypto-sys,0.1.3
spine-sys,0.1.1
dylib,0.0.3
clockkit-sys,0.1.1
raw_sync,0.1.5
mc-sgx-dcap-quoteverify-sys,0.3.0
tsc,0.1.0
zenroom,0.3.3
objectid,0.2.0
fastwfc-sys,0.1.0
v4l2-sys,1.1.0
libc-stdhandle,0.1.0
impl-vol-sys,0.0.5
libccp,1.1.1
electrs-librocksdb-sys,6.11.4-e3
portaudio,0.7.0
esp-idf-alloc,0.1.1
crypto_pimitives,0.1.1
scudo-sys,0.2.2
blend2d-sys,0.3.0
panic-persist,0.3.0
sibyl,0.6.12
langcraft_api,0.1.2
vrust,0.0.1
nifpga-sys,0.1.1
rsync,0.1.2
tlua,0.6.3
tree-sitter-tsq,0.19.0
polywrap-wasm-rs,0.10.0-pre.0
rust-wasm-utils,0.3.0
neutron-star-rt,0.2.1
ndk-logger,0.0.2
mallumo,0.3.0
libcgroup-sys,0.3.0
rust_icu_sys,3.0.0
densearray_kernels,0.0.1
suborbital,0.15.1
pitot,0.0.1
coopted_llvm_sys,0.1.0
klt-sys,0.1.0
pasta-msm,0.1.3
lc3tools-sys,1.0.6-alpha5
rust-hdfs,0.1.0
jansson-sys,0.1.0
libwavm-sys,0.1.4
extprim,1.7.1
bitwuzla-sys,0.2.0
syscall-linux-raw,0.0.2
wasi-vfs,0.2.0
openhmd-rs-sys,0.1.6
ul-sys,1.3.1
alt-std,0.2.9
gmt_mount-ctrl_sampling8000-damping0005,1.0.0
sidevm-env,0.1.7
gravity,0.1.3
pebble-sys,0.0.1
tree-sitter-prisma,0.1.1
xtensa-lx106-rt,0.1.2
tree-sitter-mozcpp,0.19.5
capng,0.2.2
libh3-sys,0.1.3
ndspy-sys,0.2.1
ecdh,0.0.12
apache-nimble-sys,0.0.1
lame-sys,0.1.2
rs-secp256k1,0.5.7
lua-sys,0.2.0
quirc,0.0.1
fftw-sys,0.6.0
jemalloc,0.3.0
hwloc2,2.2.0
rvsim,0.2.2
msg,0.1.1
arm7tdmi_aeabi,0.2.0
pmc-rs,0.2.1
discid-sys,0.4.0
sd-notify,0.4.1
shout-sys,0.1.1
pyro_lua,0.1.0
assemblylift-iomod-dynamodb-guest,0.1.7
macsmc,0.1.7
getargv-sys,0.2.0
lapce-plugin,0.1.0
skein-ffi,0.5.0
tiny_tiff,0.5.2
snap7-rs,1.142.0
wasm4fun-core,0.1.0
kqueue2-sys,0.1.5
hactool-sys,0.4.4
liburing,0.0.2
pgnumeric,0.2.1
ofx_sys,0.2.0
tree-sitter-ruby,0.20.0
libyang2-sys,0.4.0
cpp_new_simple_cpp_lib,0.1.0
flecs,0.1.1
apache-avro-test-helper,0.14.0
js_call,0.0.1
ni-daqmx-sys,20.7.1
cuba,0.2.4
kdb,0.3.0
tree-sitter-org,1.3.3
portmidi,0.2.6
interfaces,0.0.8
mraa,0.0.1
kaspa-miner,0.2.0
eng-wasm,0.1.7
onload,0.1.2
rhyoea,0.1.0
linux-nvme-sys,0.3.0
opus-sys2,0.1.0
bootloader,0.9.23
ellipticoin-api,0.0.2
rpi_ws281x-sys,0.1.5
libpcap,0.1.7
brioche-ducc-sys,0.1.2-brioche
drone-core,0.14.3
ring,0.17.0-alpha.11
rlua-lua54-sys,0.1.3
wasmedge_storage_interface,0.2.0
fatfs-sys,0.2.0
open-cl-sys,0.1.0
core-services,0.2.0
ffmpeg-dev,0.3.8
tree-sitter-wgsl,0.0.6
rustwlc,0.7.0
ivy-image,0.10.0
libuv-sys2,1.44.2
msp430-rt,0.4.0
envoy-sdk,0.2.0-alpha.1
mapped-file,0.0.5
af-opencl-interop,3.7.1
ntfs-3g-sys,0.1.0
multicast_dns,0.5.0
spyglass-plugin,0.1.0
vmread-sys,0.1.5
nodex-api,0.2.3
clfft,0.3.3
crlibm,0.1.1
nodejs-sys,0.14.0
android-ndk-sys,0.2.0
tree-sitter-markdown,0.7.1
dukbind,0.0.4
qansdk,0.1.0
fpsdk,1.0.3
simple-fcl-sys,0.0.5
rline,0.3.0
implot-sys,0.6.0
libal,0.1.0
libresample,0.1.1
k4a-sys-temp,0.2.3
libxlsxwriter-sys,1.1.4
pxtone-sys,0.2.0
zmq-sys2,0.3.0
objrs_frameworks_foundation_macros,0.0.2
stb_image,0.2.4
tectonic_bridge_core,0.3.1
backtrace,0.3.66
portunusd,0.3.0
xiapi-sys,0.1.1
inigo-rs,0.1.12
rust-mio,0.2.0
c-closures,0.3.1
pqcrypto-ntru,0.5.8
zopfli-sys,0.1.0
sysblas,0.1.1
custos,0.5.0
tensorflow-sys,0.22.1
ms_speech_sys,0.2.1
tree-sitter-strings,0.1.0
pcan-basic-sys,2.1.0
readline_rs_compat,0.1.9
remote-trait-object,0.5.0
af-cuda-interop,3.7.1
openslide-rs,0.3.3
gmt_mount-ctrl_sampling1000-damping002_ze30-500Hz,0.1.0
nwn-rs-runtime,8193.34.0-alpha.1
tree-sitter-go,0.19.1
simdutf,0.3.0
craydate,0.1.7
scintilla-sys,4.0.9
tree-sitter-mozjs,0.19.0
jemalloc-sys,0.5.2+5.3.0-patched
file-lock,2.1.6
sodiumoxide_extras,0.1.0
cognitive-services-speech-sdk-rs,0.2.1
bugsalot,0.2.2
libgatekeeper-sys,0.4.0
ducc-sys,0.1.2
libxdo-sys,0.11.0
difftastic_mod_for_windows,0.27.0
mount-ctrl_sampling1000-damping002,0.1.0
rust-sqlite,0.3.0
tree-sitter-thrift,0.1.0
assemblylift-awslambda-guest,0.3.1
tree-sitter-foam,0.1.3
sqlite3_tokenizer,0.1.0
qurs,0.2.0
cxx-demo,0.0.6
rctl,0.2.0
ni-fpga-sys,1.0.1
transaction-processor,0.0.1
tree-sitter-commonlisp,0.3.0
cassandra-cpp-sys,1.1.0
uugear_ffi,0.0.2
va_list-rs,0.0.4
anitomy-sys,0.1.2
rustpostal,0.3.0
pink-sidevm-env,0.1.7
wasm_val,0.3.5
crc32c-sse42,0.0.0
libftdi1-sys,1.1.2
tree-sitter-ebnf,0.1.0
vlfeat-sys,0.1.0
get_sys_info,0.1.21
sapiens-sys,0.2.0
nomos-runtime,0.1.0
libtun,0.1.0
kyotocabinet,0.0.6
mlx,0.1.2
tree-sitter-elm,5.6.3
openmpt-sys,0.2.0
blst,0.3.10
clickhouse-driver-lz4,0.1.0
passwd-rs,0.2.0
appleargs,0.1.1
wiringpi,0.2.4
ma_proper,1.0.0
freebsd-embedded-hal,0.1.2
core-media-sys,0.1.2
cicada,0.9.32
nodejs,0.5.0
gmt_mount-ctrl_sampling1000-damping002_ze30,0.1.0
rnnoise-sys,0.1.3
impersonate,0.0.3
androidy-log,1.0.4
fmi,0.2.1
zarchive,0.1.1
pstoedit-sys,0.1.0
tun-tap,0.1.3
polychat-plugin,0.3.1
kplayer-rust-wrap,1.5.7
clamav,0.4.0
libevdev-sys,0.1.1
tree-sitter-souffle,0.4.0
tree-sitter-plymouth-script,0.1.0
coco-sys,0.4.0
rs-glfw3,0.1.6
rpmalloc-sys,0.2.3+b097fd0
glulxe-sys,0.2.0
mc-sgx-dcap-tvl-sys,0.3.0
wrflib_objc_sys,0.0.3
tcmalloc,0.3.0
mc-sgx-capable-sys,0.3.0
mosaic-tile,0.4.0
libc-print,0.1.20
prosemd-lsp,0.1.0
web_logger,0.2.0
crypto_api_osrandom,0.2.0
gkl,0.1.1
torch,0.1.0
cry-sys,0.1.0
minilzo3,0.1.0
polyhorn-ios-sys,0.4.0
floui-sys,0.1.4
just-argon2,1.2.0
intel_tex,0.1.4
faad2-sys,0.1.0
wap,0.1.3
fil-sapling-crypto,0.7.0
mimalloc-rust-sys,1.7.6-source
hidapi-sys,0.1.4
objc2,0.3.0-beta.3
ovr-sys,0.3.0
graphannis-core,2.4.1
oxrocksdb-sys,0.3.7
umm-malloc-sys,0.3.1
mri-sys,0.2.6
security-framework,2.7.0
heapsize,0.4.2
xplm-sys,0.4.0
rtreec,0.1.0
imgui-sys,0.8.2
libcgroup_rs,0.1.0
ruwren-sys,0.4.0
polars_arrow_rvsry99dx,0.17.1
dfp-number-sys,0.0.10
kangarootwelve_xkcp,0.1.5
libvirt-sys,1.2.18
wasi,0.11.0+wasi-snapshot-preview1
zcash_script,0.1.8
totsu_f32cuda,0.1.0
libsqlite3-sys-le,0.21.0
daemonize-me,2.0.1
wasmedge_tensorflow_interface,0.2.2
steam-audio-sys,0.3.0
openblas_ffi,0.1.1
mimalloc-rs,0.1.0
sgx_types,1.1.2
s2n-tls-sys,0.0.18
rustflow,0.1.0
fm_plugin,0.1.17
pkey-sys,0.1.0
tree-sitter-turbowave,1.7.1
radamsa,0.1.1
rl-sys,0.5.2
brotli-sys,0.3.2
ray-rs-sys,0.0.0
mach,0.3.2
tree-sitter-solidity,0.0.3
sloth256-189,0.4.2
tecio,0.3.0
dccp,0.1.0
window,0.5.0
rdkit-ffi,0.1.0+rdkit-2022-09-1-pre
pq-sys,0.4.7
unqlite-sys,1.1.0
cloudabi,0.1.0
nsf-imgui-raw,0.1.0
mmap-allocator,0.3.1
russell_openblas,0.4.1
fts-sys,0.2.2
wasi-nn,0.2.1
lua51-sys,0.1.0
lmdb-sys,0.8.0
sapp-kms,0.1.1
luajit,0.1.1
libfuzzy-sys,0.2.0
pagurus_game_std,0.4.1
webrtc-unreliable-client,0.1.3
rusty_spine,0.4.0
screeps-game-api,0.9.1
rust_process_interface_library,0.1.4
optee-teec-sys,0.0.1
pfring-sys,0.0.1
plist_plus,0.2.2
raw_tty,0.1.0
rl_localtime,0.1.2
nsvg,0.5.1
nvim-api,0.2.0
rust-pigpio,0.2.0
littlefs-sys,0.2.0
librsync-ffi,0.1.0
mimir,0.3.5
rlua-lua53-sys,0.1.3
lmdb-rkv-sys,0.11.2
ksw2-sys,0.1.0
tree-sitter-kotlin,0.2.11
sw,0.1.0
rsndfile,0.0.2
iceyee_datetime,1.0.6
wasi-experimental-http,0.10.0
wasmer-engine-universal-near,2.4.0
ceph-rust,0.1.17
uhid-sys,1.0.0
frodobuf,0.1.2
m2-ctrl_fsm,0.1.0
assemblylift-core-event-guest,0.1.1
whirlpool-asm,0.6.0
janet-sys,0.1.0
ncurses,5.101.0
treelight,0.3.2
tree-sitter-python,0.20.2
llvm-sys,150.0.3
curses-sys,6.0.0-2
sys_util,0.1.0
compu-brotli-sys,1.0.9+1
gnulightning-sys,2.3.0
alcro,0.5.4
milim_vulkan,0.1.1
esp_idf_dev_sys,0.1.4
xed-sys,0.4.0
td_clua_ext,0.1.0
faf-http-date,0.1.0
tipc,0.1.2
cargo-minicov,0.1.2
assemblylift-iomod-crypto-guest,0.1.2
quad-storage-sys,0.1.0
scratchstack-wrapper-aws-c-common,0.1.0-alpha.7
minimp3_ex-sys,0.1.1
rscam,0.5.5
tcpp,0.1.0
system-configuration-sys,0.5.0
ndless,0.8.7
libwebp-sys,0.8.0
steamworks-sys,0.9.0
imgui-filedialog-sys,0.1.1
ispc-texcomp,0.1.20
knet-bindings,2.0.0-alpha1+1.90.647-0fc83
xpx-supercontracts-sdk,0.2.2
raml,0.1.0
rmath,0.1.5
nvidia-aftermath-rs,0.0.2
python3-sys,0.7.1
error_show,0.1.2
libusbk-sys,0.1.3
clips-sys,0.4.0
rustat,0.1.1
libzt,0.1.2
rusty_libimobiledevice,0.1.7
libxm,1.0.0
cwa,0.1.0
fomu-rt,0.0.6
pqcrypto-ntruprime,0.1.6
aaudio-sys,0.1.0
tanoshi-util,0.3.0
lock_keys,1.0.0
termion_temporary_zellij_fork,1.6.0
secp256k1-zkp-sys,0.7.0
snooze-rs,0.0.3
rinimp3,0.1.0
mco-gen,0.1.0
rust-libcint,0.1.3
miniz-sys,0.1.12
tss-sapi,0.0.4
my-test-app-bergwolf,1.4.0
zbar,0.1.0
lightning-sys,0.2.2
btrfsutil,0.1.0
rustchord,0.5.0
squark-stdweb,0.5.0
agorartc-sys,3.1.4
lzokay,1.0.1
mozjpeg-sys,1.0.3
sqlite3-native,0.1.0
ntrumls-plus,0.0.6
assert_panic_free,1.0.2
libmodbus-sys,1.0.0
gmt_mount-ctrl_sampling1000-damping002,1.0.1
concrete-fftw-sys,0.1.4
getr,0.1.1
cborian,0.9.2
wasm-opt-cxx-sys,0.110.2
natpmp,0.3.2
quadprogpp-sys,0.1.1
tree-sitter-applesoft,2.0.3
cuda-sys,0.2.0
tree-sitter-nwscript,8193.34.0-alpha.1
acrylic-web,0.2.0
nvapi_sys_new,0.1.5
pqcrypto-newhope,0.1.2
dedbg,0.1.1
zaplib_x11_sys,0.0.3
pqcrypto-mqdss,0.3.0
wasm_membrane_guest,0.2.0
solana-chacha-sys,1.1.23
librocksdb-sysx,0.8.0+7.4.4
jbig2dec-sys,0.19.0
fastcmp,1.0.1
trousers-sys,0.0.0
lpsolve-sys,5.5.0
enigo,0.0.14
rust_sodium_holochain_fork-sys,0.10.4
libvex-sys,0.1.1
uring-sys2,0.8.0
spooles_ffi,0.1.1
sndfile-sys,0.3.1
ssvm-wasi-helper,0.1.3
mir-sys,0.1.0+mir.0.1.1
korg-syro-sys,0.2.0
clickhouse-driver-cth,0.1.0
libmacchina,6.3.1
paddle-sys,0.1.2
pcre2-sys,0.2.5
scutiger-bin,0.3.0
digilent-waveforms,0.0.16
minimp3-sys,0.3.2
tree-sitter-sql,0.0.2
rsmgp-sys,1.0.0
ckb-librocksdb-sys,7.3.3
geos-sys,2.0.4
libcrypt-rs,0.1.2
pchain-sdk,0.3.2
babble,0.2.0
polyhorn-yoga,0.3.4
embree-rs,0.3.6
lcm,0.2.0
ryml,0.1.5
smile,0.1.1
readmouse,0.2.1
swc_common,0.29.14
opensc-sys,0.1.1
occlum-pal,0.1.5
ep-capstone,0.1.0
wordexp-sys,1.0.0
if-addrs-sys,0.3.2
tongue,0.1.2
wasmtime-runtime,1.0.2
tree-sitter-c,0.20.2
libstrophe-sys-bindgen,5.0.0
pidfd,0.2.4
getpass,0.0.2
rust-blas,0.2.0
stringutils,0.0.3
cortex-m-rt,0.7.2
rtt-target,0.3.1
mextk-sys,0.1.0
shards,0.1.0
ovr-mobile-sys,0.4.0
libproxy,0.1.1
s-secp256k1,0.5.7
rust-gmp,0.5.0
systemstat,0.2.2
pqcrypto-saber,0.1.11
tgrep,1.6.4
sleef-trig-sys,0.1.0
fastnoise_simd_bindings,0.1.1
rvvm-sys,0.2.4
kstat-rs,0.2.0
sgp4-rs,0.3.6
libatasmart-sys,0.1.2
fastly-kv-preview,0.8.9
flakebi-ring,0.16.15
wasmedge-wasi-helper,0.2.0
tree-sitter,0.20.9
setjmp,0.1.4
tm-sys,2020.11.6
risc0-zkvm-host,0.10.0
redis-cell,0.2.2
libecdsautil-sys,0.1.0
neovim-rs,0.1.0
pcap,0.11.0
os_bootinfo,0.2.1
breakpad-sys,0.1.1
casper-contract,1.4.4
libfvad-sys,1.0.0
libspnav-sys,0.1.0
rkdb,0.4.0
libsensors-sys,0.2.0
mysqlclient-sys,0.2.5
memory-rs,0.2.5
pcap_on_demand,0.1.3
raspicam-rs,0.1.3
mcl_rust,0.0.1
node-rs,0.1.4
riscv-atomic-emulation-trap,0.2.0
hypermachines_sys,0.1.0
imgui-terminal,0.1.0
kissat,0.1.0
rcocos2d-sys,0.2.4
gamercade_rs,0.1.2
trezor-crypto-sys,0.1.2
napi-sys,2.2.2
ep-miniaudio-sys,2.4.0
oppai-sys,0.1.0
flac-sys,0.1.0
ttk4145_elevator_server,0.1.3
intel-mkl-sys,0.8.1
bls_eth_rust,0.0.2
pafe-sys,0.1.0
xxhrs,2.0.0
wasm_plugin_guest,0.1.5
croaring-sys,0.6.2
xhypervisor,0.2.0
pd-sys,0.1.1
xen-sys,0.0.0-pre2
inta,0.1.2
czmq-sys,0.1.0
bayes,0.0.1
gvr-sys,0.7.2
gmod-lzma,1.0.1
rsperftools,0.3.3
erl_nif_sys,0.5.0
arrayfire,3.8.0
uapi,0.2.10
ssvm_storage_interface,0.1.30
gpsd,0.1.2
webots-bindings,0.5.0
errno-sys,0.1.0
rsnl,0.2.0
riscv-rt,0.10.0
nix-user-chroot,1.2.2
tree-sitter-glsl,0.1.3
libpulse-simple-sys,1.19.2
hacl-star-sys,0.1.0
iconv-sys,0.0.4
agora-rtm-sdk,0.1.1
tree-sitter-java,0.19.0
extism,0.0.1-rc.6
rtdlib-sys,0.1.0
umash-sys,0.2.0
rs-math3d,0.9.20
sightglass-api,0.1.0
classgroup,0.1.0
intertrait,0.2.2
libconfig-sys,0.1.0
cntr-fuse-sys,0.4.1
vmnet,0.1.1
jpegxr,0.2.6
dummy-rustwlc,0.7.1
virtualization-rs,0.1.2
cld2-sys,1.0.2
aws-ne-sys,0.4.0
pcap-sys,0.1.3
chatora-errno,1.0.2
ndi-sys,0.1.1
collectd-plugin,0.14.0
spirv_cross,0.23.1
mtbl-sys,0.2.0
bl602-sdk,0.0.6