key::test::invalid_secret_key,grin_secp256k1zkp,0.7.12
key::test::keypair_slice_round_trip,grin_secp256k1zkp,0.7.12
key::test::pubkey_from_slice,grin_secp256k1zkp,0.7.12
key::test::pubkey_hash,grin_secp256k1zkp,0.7.12
key::test::skey_clear_on_drop,grin_secp256k1zkp,0.7.12
key::test::skey_from_slice,grin_secp256k1zkp,0.7.12
key::test::test_add_exp_bad_context,grin_secp256k1zkp,0.7.12
key::test::test_addition,grin_secp256k1zkp,0.7.12
key::test::test_debug_output,grin_secp256k1zkp,0.7.12
key::test::test_inverse,grin_secp256k1zkp,0.7.12
key::test::test_multiplication,grin_secp256k1zkp,0.7.12
key::test::test_negate,grin_secp256k1zkp,0.7.12
key::test::test_out_of_range,grin_secp256k1zkp,0.7.12
key::test::test_pk_combination,grin_secp256k1zkp,0.7.12
key::test::test_pubkey_from_bad_slice,grin_secp256k1zkp,0.7.12
key::test::test_pubkey_from_slice_bad_context,grin_secp256k1zkp,0.7.12
key::test::test_pubkey_serialize,grin_secp256k1zkp,0.7.12
key::test::test_serialize,grin_secp256k1zkp,0.7.12
key::test::test_serialize_serde,grin_secp256k1zkp,0.7.12
pedersen::tests::commit_parse_ser,grin_secp256k1zkp,0.7.12
pedersen::tests::rewind_empty_message,grin_secp256k1zkp,0.7.12
pedersen::tests::rewind_message,grin_secp256k1zkp,0.7.12
pedersen::tests::test_blind_commit,grin_secp256k1zkp,0.7.12
pedersen::tests::test_bullet_proof_multisig,grin_secp256k1zkp,0.7.12
pedersen::tests::test_bullet_proof_single,grin_secp256k1zkp,0.7.12
pedersen::tests::test_bullet_proof_verify_multi,grin_secp256k1zkp,0.7.12
pedersen::tests::test_commit_sum,grin_secp256k1zkp,0.7.12
pedersen::tests::test_from_pubkey,grin_secp256k1zkp,0.7.12
pedersen::tests::test_range_proof,grin_secp256k1zkp,0.7.12
pedersen::tests::test_sign_with_pubkey_from_commitment,grin_secp256k1zkp,0.7.12
pedersen::tests::test_to_pubkey,grin_secp256k1zkp,0.7.12
pedersen::tests::test_verify_commit_sum_one_keys,grin_secp256k1zkp,0.7.12
pedersen::tests::test_verify_commit_sum_random_keys,grin_secp256k1zkp,0.7.12
