crate_name,version
docker-api,0.13.0
docker-bisect,0.1.0
docker-command,5.0.0
docker-sdk,0.1.2
dockerbuild,0.1.4
dockers,0.1.6
dockertest,0.3.1
dockertest-server,0.1.7
dockurl,0.1.6
dockworker,0.2.0
dockyard,0.1.1
docx-rs,0.4.6
dodo,0.3.1
dodrio,0.2.0
does-it-json,0.0.4
dofus-framework,0.1.16
dogged,0.2.0
dograph,0.8.4
dogs,1.3.0
doh,0.1.0
doh-client,3.1.2
dokan,0.3.1+dokan206
doki,1.1.1
doki-error,1.1.1
doki-git,0.1.1
dolby_vision,3.1.2
dolladollabills,0.4.0
domafic,0.2.0
domain,0.7.2
domain-core,0.4.0
domain-resolv,0.5.1
dominator,0.5.32
dominator2,0.5.26
dominion-parser,0.5.0
domino-program-dp,0.1.11
domino_program,0.1.2
domtree,0.2.0
dont_panic,0.1.0
dont_panic_slice,0.1.0
donyeh,0.1.1
doomba,0.1.0
doors,0.8.1
dora,0.0.2
dorea,0.3.1
dors,0.0.8
dorst,0.5.1
doryen-fov,0.1.1
dose,0.1.3
dosu,0.0.2
dotfilers,0.0.6
dotrix_core,0.5.2
dotrust,0.3.0
dotter,0.12.15
double-ratchet,0.1.0
double-ratchet-2,0.4.0-pre.2
double_sort,1.2.0
doublepivot-quicksort,0.2.0
doublets,0.1.0-pre+beta.15
dove,0.2.0
downsample,0.0.2
dpc-simplemap,0.1.0
dpg,0.1.1
dprint,0.36.1
dprint-core,0.61.0
dprint-swc-ecma-ast-view,0.56.0
dprint-swc-ext,0.9.0
dpt,0.3.1
dqcsim,0.4.1
dqn_variable_ratio_test,0.1.0
draffle,0.1.0
dragonbox,0.1.5
drakey-fuse,0.4.2-alpha
drand-verify,0.5.0
drand_core,0.0.7
draw,0.3.0
drawio-exporter,1.2.0
dredd-hooks,0.3.0
drg,0.11.0
drill,0.8.2
drip-rs,1.0.0
driveby,1.0.1
driver-cp2130,1.0.0-alpha.5
driver-pal,0.8.0-alpha.6
driverkit,0.25.0
drm-fourcc,2.2.0
drng,0.2.0
dro,0.2.9
drogue-bazaar,0.3.0
drogue-bme680,0.3.0
drogue-ffi-compat,0.1.0
drogue-tls,0.6.0
drogue-tls-sys,0.1.0
drone-core,0.14.3
drone-cortex-m,0.11.1
drone-cortexm,0.14.1
drone-fatfs,0.2.3
drone-fatfs-core,0.1.0
drone-mirror-failure,0.1.2
drone-nrf-map,0.14.0
drone-sd-core,0.2.2
drone-stm32,0.8.3
drone-stm32-map,0.14.0
drone-tisl-map,0.13.0
drophost,0.4.2
droprate,1.0.0
dropshot,0.9.0
drossel,0.1.0
drossel-journal,0.1.2
drpc,0.2.0
drug,0.0.2
drug-extraction-core,0.1.2
druid-shell,0.8.3
druid-widget-nursery,0.1.0
drumbeat,0.1.1
drux,0.7.8
drv8305,0.2.0
dryoc,0.5.0
ds,1.2.4
dsa,0.6.1
dsf-daemon,0.1.3
dsfmt-rs,0.1.1
dsmsg,1.7.1
dsp,0.10.2
dsrs,0.6.1
dssim,3.2.4
dssim-core,3.2.6
dt,1.0.6
dt-core,0.7.9
dtn7,0.19.0
dtool,0.11.0
du,0.1.1
dualquat,0.1.3
dualshock4,0.1.1
dubbo,0.3.0
dubins_paths,1.5.0
ducc,0.1.5
ducc-sys,0.1.2
ducc0,0.30.1
duckdb,0.7.1
duckdb-extension-framework,0.7.0
duckdb-queryscript,0.7.4
duckduckgeo,0.4.2
duckscriptsdk,0.8.18
duct,0.13.6
ductile,0.3.0
duet,0.2.0
duk,0.3.0
duk-sys,0.3.0
dukbind,0.0.4
dukt,0.1.0
dukt-macros,0.1.1
dukt-sys,0.1.0
duktape-rs,0.0.4
duktape_ffi,0.0.1
duku,0.2.1
dum,0.1.19
dumbledore,0.1.0
dummy-rustwlc,0.7.1
dumpy,0.4.1
dune,0.1.8
dungen,0.1.2
dup-crypto,0.58.0
dupe-krill,1.4.7
duplicate-finder,0.0.23
duplicate_code,0.8.1
duplicate_macrotest,1.0.3
dura,0.2.0
durduff,0.1.0-alpha.1
dusage,0.3.5
dusk-bip39,1.0.2
dusk-blindbid,0.10.0-rc.2
dusk-bls12_381-sign,0.4.1
dusk-cdf,0.5.0
dusk-consensus,0.1.0
dusk-hades,0.20.0
dusk-kelvin-map,0.4.0
dusk-merkle,0.1.0
dusk-plonk,0.14.0
dusk-poseidon,0.28.2
dusk-schnorr,0.12.1
dusk-wallet,0.14.0
dusk-wallet-core,0.16.0-alpha
dust_dds,0.2.1
dustbox,0.0.1
dvb-gse,0.3.0
dvbv5,0.2.6
dvbv5-sys,0.2.1
dvc,0.1.0
dvcompute_cons,1.3.5
dvcompute_dist,1.3.7
dvcompute_experiment_cons,1.3.7
dvcompute_experiment_dist,1.3.7
dvcompute_gpss_cons,1.3.5
dvcompute_gpss_dist,1.3.5
dvcompute_mpi,2.0.0
dvcompute_network,1.3.3
dvcompute_rand,1.3.3
dvcompute_rand_dist,1.3.4
dvcompute_results_cons,1.3.3
dvcompute_results_dist,1.3.3
dw,0.2.0
dwal,0.1.3
dwm-status,1.8.1
dwrote,0.11.0
dxfeed,0.1.11
dxfilter,0.5.11
dxplr,0.0.25
dyer,3.3.2
dygpi,0.1.5
dylib,0.0.3
dylink,0.3.0
dylint_driver,2.1.7
dylint_internal,2.1.7
dyn_vec,0.1.0
dynagrad,0.4.1
dynamecs-app,0.0.5
dynamic-lru-cache,0.2.0
dynamic-weighted-index,0.1.0
dynamic_ocl,0.1.0-alpha.1
dynamic_reload,0.10.0
dynamization,0.4.0
dynamo,0.1.0
dync,0.5.3
dynec,0.2.0-alpha.1
dynforest,0.2.0
dynnsd,0.2.3
dynprops,0.1.0
dyon,0.48.1
dyplugin,0.2.0
e-nguyen,0.1.2
e-utils,0.1.20
e2p-sys,0.1.0
eaglesong,0.1.0
ears,0.8.0
easy-jsonrpc,0.5.3
easy-jsonrpc-mw,0.5.4
easy-ml,1.9.0
easy-utils,0.0.1
easy_adds,0.1.1
easy_aes,0.1.5
easy_color,0.1.8
easy_ga,1.2.1
easy_mmap,0.3.1
easy_reader,0.5.2
easy_ssl,0.0.4
easyfibers,0.7.0
easyjack,0.1.2
easyneural,0.1.0
easynn,0.1.7-beta
easyops_deno,1.13.0
easyrand,0.4.0
eaze-tracing-honeycomb,0.2.1-eaze.7
eb,0.5.0
ebacktrace,0.5.1
ebpf,0.0.4
ebur128,0.1.8
ebur128rs,0.2.1
ec-gpu-gen,0.6.0
ecal,0.2.0
ecamo,0.1.0
eccodes,0.6.8
ecdh,0.0.12
ecdh_wrapper,0.0.9
ecdna-lib,2.0.4
ecdsa_fun,0.8.1
ece,2.2.0
ece_421_sam_cynthia_aditya_trees,0.1.1
ecg,1.0.3
echonet,1.2.6
ecies,0.2.3
ecies-ed25519,0.5.1
ecies_25519,0.1.0
ecow,0.1.1
ecoz2,0.4.4
ecrs,0.1.0-beta.3
ecrypt,0.1.2
ectoken,0.4.4
ecu_diagnostics,0.91.1
ecvrf,0.4.4
ed25519-axolotl,1.7.1
ed25519-consensus,2.1.0
ed25519-dalek,2.0.0-rc.2
ed25519-dalek-blake2-feeless,1.0.1
ed25519-dalek-blake2b,1.0.2
ed25519-dalek-blake3,1.0.11
ed25519-dalek-fiat,0.1.0
ed25519-zebra,3.1.0
eddie,0.4.2
edge-transformers,0.1.2
edgedb-client,0.3.0
edgedb-protocol,0.4.0
edgedb-tokio,0.3.0
edivisive,0.1.0
edlib_rs,0.1.2
ednaldo,0.1.4
edom,0.1.0
effective-limits,0.5.5
effectum,0.1.5
efficient-sm2,0.2.0
efi,0.2.1
eframe,0.21.3
eframe_tao,0.22.0
eframework,0.1.0
egg-mode,0.16.1
egls,0.1.7
ego,1.1.6
egobox-ego,0.8.2
egobox-gp,0.8.1
egui-d3d11,0.8.0
egui-map,0.0.6
egui-wgpu,0.21.0
egui_glow,0.21.0
egui_glow_tao,0.22.0
egui_graphs,0.4.5
egui_web,0.17.0
ehsm,0.1.1
ehttpd-range,0.2.0
eigen_crypto,0.1.1
eight-puzzle-core,1.0.0
ein-ffi,0.6.0
einops,0.3.0-alpha.2
eip712,0.1.0
ejdb,0.4.1
eject,0.1.1
ekiden-grpcio,0.3.2
ekiden-grpcio-sys,0.2.4
ekko,0.7.2
elabs-crypto,0.1.0
elastic-array,0.11.0
elastic-array-plus,0.10.0
elastic-elgamal,0.3.0-beta.1
elba,0.3.0
electricui-embedded,0.1.5
electrs,0.9.13
electrs-librocksdb-sys,0.9.0-e1+7.8.3
electrs-rocksdb,0.19.0-e1
electrs2,0.9.9
electrscash,3.1.0
electrsd,0.23.3
electrum-client,0.15.0
elektra-sys,0.9.10
elektron_ngspice,0.1.3
elektron_plot,0.1.24
elements,0.21.1
elements-frequency,0.5.1
elfo,0.1.40
elfo-configurer,0.1.13
elfo-core,0.1.35
elfo-dumper,0.1.8
elfo-logger,0.1.9
elfshaker,0.9.0
elfutils,0.1.0
elgamal_ristretto,0.2.3
elias_fano_rust,0.1.1
eligos,0.1.0
elikar_scene,0.1.0
elikoga-ical-rs,0.2.4
eliprompt,0.3.0
eliza,2.0.0
elk-mq,0.1.1
ellidri,3.0.0-beta
ellipsis,0.1.0
elliptic,0.5.0
elliptic-sys,0.3.0
elma,0.1.14
elmo,0.0.1
elor,1.1.4
elrond-rust,0.1.0
elrond-sdk-erdrs,0.2.4
elrond-wasm-debug,0.38.0
elrond-wasm-sc-dns,1.1.0
eluna,0.1.2
elv,0.12.1
elve,0.0.1
elvwasm,1.0.0
emacs_module,0.18.0
email,0.0.21
email-address-parser,2.0.0-rc3
emas_rs,0.1.1
embassy-boot,0.1.1
embassy-time,0.1.1
embed_plist,1.2.2
embedded-crc-macros,1.0.0
embedded-graphics-sparklines,0.1.0
embedded-hal-fuzz,0.1.2
embedded-picofont,0.2.1
embedded-snake,0.0.2
embedded-spi,0.6.2
embedded-td,0.1.4
embedded-tls,0.14.1
embedded-update,0.11.0
embedded-websocket,0.8.0
embedded_redis_client,0.1.0
embly-wrapper,0.0.2
embree,0.3.8
embree-rs,0.3.6
embuild,0.31.1
emcee,1.0.0-alpha.2
emd,0.1.1
emei,0.5.0
emerald,0.3.211
emerald-city,0.2.0
emerald-core,0.10.1
emerald-librocksdb-sys,5.11.3
emerald-rocksdb,0.10.3
emerald-rs,0.25.6
emerald-vault,0.32.0
emerald-vault-core,0.26.6
emf-core-base-rs,0.1.3
emoj_rs,0.1.1
empfindung,0.2.6
emstr,0.2.0
emu6502,0.1.1
emulot,2.0.3
emver,0.1.6
enamel,0.3.0
enard,0.1.1
enarx-exec-wasmtime,0.6.3
enarx-shim-kvm,0.6.3
enarx-shim-sgx,0.6.3
enc_file,0.4.6
encase,0.5.0
encdec,0.8.3
encode-webm-video-frames,0.4.4
encode_selector,0.4.1
encoding_rs,0.8.32
encrypted-sled,0.2.0
encryptfile,0.1.3
encrypto_aes,0.3.0
encrypto_rsa,3.2.4
encrypto_rust,0.2.0
endbasic-client,0.10.0
endbasic-std,0.10.0
endianness,0.2.0
endless-web,2.0.0
endpointsecurity,0.3.0
endpointsecurity-rs,0.1.1
endr,0.9.0
enet,0.3.0
enet-cs-sys,0.1.1
eng-wasm,0.1.7
eng-wasm-derive,0.1.7
engiffen,0.8.1
engine-io,0.1.4
engish,0.1.0
engraver,2.5.0
enigma-tools-u,0.1.2
enigo,0.1.2
enigo-copy,0.0.14
enimda,0.4.1
enqueue-email,0.1.0
enquo-core,0.9.0
enr,0.8.1
enrgy,0.2.2
ensc-testsuite,0.1.6
ensf594-project-mmap,0.5.0
enso-flexer,0.2.0
enso-macro-utils,0.2.0
enso-prelude,0.2.6
enso-shapely,0.2.0
ensync,1.0.1
ent,0.0.4
entity-gym-rs,0.8.0
entity_data,1.10.3
entromatica,2.2.0
entropycli,1.0.10
entwine,0.1.0
enum-derived,0.8.2
enum-tryfrom,0.2.1
env-select,0.2.0
env_file,0.1.3
env_wrapper,0.1.0
envelopers,0.8.0
envoy-control-plane,0.4.0
envoy-sdk,0.2.0-alpha.1
envpath,0.0.1-beta.3
envvars,0.1.5
eo,0.0.3
eonil_apple_oslog,0.1.2
eos-eapi,0.2.0
eosio-client-keys,0.1.0
eosio_sys,0.2.0
ep-capstone,0.1.0
epaint,0.21.0
epan,0.1.0
epaste,2.0.0
epd-gde021a1,0.2.1
ephem,0.1.0-alpha1
epic_chain,3.0.0
epic_core,3.0.0
epic_p2p,3.0.0
epic_pool,3.0.0
epic_servers,3.0.0
epic_store,3.0.0
epicinium_keycode,1.2.0
epicinium_server,1.0.12
epics-ca,0.1.0
epics-ca-sys,0.1.0
epoll-rs,0.2.1
erase,4.0.0
erbium,1.0.1
erc20_payment_lib,0.1.9
erdos,0.4.0
erdtree,2.0.0
erfs-gen,0.1.2
erfs-rt,0.1.2
ergo-headless-dapp-framework,0.1.13
ergo-lib,0.23.0
ergo-lib-jni,0.23.0
ergo-lib-wasm,0.23.0
ergo-node-interface,0.4.0
ergo-rest,0.8.0
ergotree-interpreter,0.23.0
ergotree-ir,0.23.0
erkpht-tower,0.3.2
erl_dist,0.5.1
erl_rpc,0.1.2
erpc-rs,0.2.0
erpc-sys,0.2.0
errno,0.3.1
errno-no-std,0.1.5
error-chain,0.12.4
error-code,2.3.1
error-stack,0.3.1
erupt,0.23.0+213
erupt-bootstrap,0.3.0
es_runtime,0.1.4
esaxx-rs,0.1.8
escape-artist,0.5.8
escaper,0.1.1
eschudt_consul,0.1.0
esl01-dag,0.3.0
esl01-indexedlog,0.3.0
esp32-wroom-rp,0.3.1
espeakng,0.1.1
esplora-tapyrus,0.4.1
esplugin-ffi,2.1.2
espup,0.4.0
essp,0.1.0
estahr,0.1.0
esthri,10.0.3
esthri-cli,10.0.3
estuary,0.1.1
etc-passwd,0.2.0
etcd-client,0.11.1
etclient,0.3.0
etcommon-bigint,0.2.10
etcommon-block,0.5.2
etcommon-block-core,0.3.1
etebase,0.5.3
eternal,0.3.2
eternalfest_core,0.18.2
eth-keystore,0.5.0
eth-secp256k1,0.5.7
eth-utils,0.3.3
eth2_hashing,0.2.0
eth_pairings,0.2.0
eth_trie,0.1.0
eth_trie_utils,0.6.0
ethash-sys,0.1.3
ethbloom,0.13.0
ethcontract-generate,0.23.0
ethcore-bigint,0.2.1
ether-keystore,0.1.0
ethercat,0.3.0
ethercat-soem-ctx,0.2.0
ethercrab,0.1.0
etherea,0.2.3
ethereum,0.14.0
ethereum-bigint,0.2.9
ethereum-block,0.4.0
ethereum-block-core,0.2.0
ethereum_abi,0.4.0
ethereum_hashing,1.0.0-beta.2
ethereumvm-stateful,0.11.0
ethers-core,2.0.4
ethers-fixed-hash,0.8.0
ethers-middleware,2.0.4
ethers-providers,2.0.4
ethers-signers,2.0.4
ethers-solc,2.0.4
ethers-wallet-rs,0.1.0
ethers_wallet,0.2.2
ethkey,0.3.1
ethnum,1.3.2
ethox,0.0.2
ethox-io-uring,0.0.2
ethportal-api,0.1.6
ethsign,0.8.0
ethtool_sys,0.0.1
etk-asm,0.2.1
etrade,0.6.0
etwin_core,0.12.3
etwin_hammerfest_client,0.12.3
etwin_password,0.12.3
etwin_services,0.12.3
etwin_twinoid_client,0.12.3
euca,0.1.0
euphony,0.1.1
euphony-compiler,0.1.1
euphony-samples,0.1.1
euphony-store,0.1.1
euphrates_virtual_memory,0.1.0
euphrates_x64,0.1.0
eureka,2.0.0
eutils-rs,0.1.6
eva-common,0.2.6
eva-crypto,0.1.2
evalexpr,9.0.0
evan_toy,0.1.0
evco,0.2.1
evcxr,0.14.2
evcxr_repl,0.14.2
evdev,0.12.1
evdev-rs,0.6.1
evdi,0.8.0
evdi-sys,0.4.0
evebox,0.13.0
event-engine,0.2.0
event-manager,0.3.0
event_rust,0.1.1
eventfd,0.2.0
eventific,0.1.18
eventlog,0.2.2
eventsim,0.1.0
eventsource-client,0.11.0
eventstore,2.2.0
evercrypt,0.0.11
evercrypt_tiny-sys,0.1.1
everpuzzle,0.1.0
everrs,0.2.1
everscale-crypto,0.2.0-pre.1
everscale-network,0.5.3
everscale-raptorq,1.7.0
everscale-types,0.1.0-pre.9
everyday_macros,0.1.0
eviolite,0.1.1
evitable,0.5.0
evm-stateful,0.11.1
evmap,11.0.0-alpha.7
evmc-sys,9.0.0
evmc-vm,9.0.0
evo,0.0.1
evzht9h3nznqzwl,0.0.3
ew,0.4.0
ewgpu,0.1.0
ex3-crypto,0.13.2
exa,0.10.1
exacl,0.10.0
examples,0.4.0
exar,0.1.0
exasol,0.3.2
exclave,0.2.6
exclude_from_backups,1.0.2
exclusion-merkle-cbt,0.3.3
excuse,0.1.0
exdsdevs,0.1.3
executable_memory,0.1.2
executors,0.9.0
exempi,2.5.1
exempi-sys,2.5.3
exempi2,0.1.4
exilent,0.2.0
exmap,0.0.1
exmex,0.17.3
exocore-apps-host,0.1.24
exocore-apps-sdk,0.1.24
exocore-core,0.1.24
exocore-discovery,0.1.24
exonum,0.12.2
exonum-btc-anchoring,1.0.0
exonum-explorer-service,1.0.0
exonum-keys,1.0.0
exonum-merkledb,1.0.0
exonum-node,1.0.0
exonum-proto,1.0.0
exonum-rust-runtime,1.0.0
exonum-testkit,1.0.0
exonum_leveldb,0.9.1
exonum_librocksdb-sys,0.5.5
exonum_libsodium-sys,0.0.24
exonum_rocksdb,0.7.6
exonum_sodiumoxide,0.0.24
exoquant,0.2.0
exp-golomb,0.1.0
expectrl,0.7.0
exponential-backoff,1.2.0
exponential-decay-histogram,0.1.10
expose,0.1.1
exprtk_rs,0.1.0
exr,1.6.3
ext-php-rs,0.10.0
ext-sort,0.1.4
extattr,1.0.0
extemp,0.1.1
extended-collections,0.5.0
extended-isolation-forest,0.2.3
extended-primitives,0.3.8
extended_fizzbuzz,1.0.0
extendr-api,0.4.0
external-ip,4.2.0
external_sort,0.1.2
extfg-sigma,0.3.5
extism,0.3.0
extprim,1.7.1
extrablatt,0.1.1
extrasafe,0.1.2
extremedb_sys,0.1.2
extsort,0.4.2
extsort-lily,0.1.0
eyaml-rs,0.1.1
eyepiece,0.6.1
eyre,0.6.8
ez-pixmap,0.2.2
ezel,0.0.1
ezhook,0.2.2
ezing,0.2.1
ezio,0.1.2
ezk-stun-types,0.1.1
ezlog,0.2.0-alpha.2
eznacl,3.2.9
ezra,0.1.3
f128,0.2.9
f128_internal,0.2.2
fabric-support,2.0.0
fabric_contract,0.1.4
fac,0.5.4
faccess,0.2.4
fache,0.1.5
factom,2.1.1
faer-cholesky,0.8.0
faer-core,0.8.0
faer-evd,0.8.0
faer-lu,0.8.0
faer-qr,0.8.0
faer-svd,0.8.0
fail,0.5.1
failed-result,0.2.3
failpoints,0.2.0
failsafe,1.2.0
failure,0.1.8
failure_without_backtrace,0.1.2
fair,0.0.13
fair-baccarat,0.2.0
faiss,0.12.0
faiss-sys,0.6.1
faiss4rs,1.6.307
fake,2.6.0
fake-torrent-client,0.9.6
fake-ua,0.1.0
fakebeat_core,0.1.0
fakedata_generator,0.3.0
fakedate,0.1.2-619366e
fakeit,1.1.1
fakelogs,0.1.10-75501d4
faker,0.0.4
faketime,0.2.1
faketty,1.0.12
faktory,0.12.1
falcon_capstone,0.5.2
famous-last-words,0.1.1
fancy-prompt,0.3.1
fancy-regex-fork-pb,0.3.2
fancy_flocks,0.1.0
fann,0.1.7
fann-sys,0.1.7
fanotify-rs,0.2.10
fanova,0.2.0
fanta-cli,0.1.1
fap,0.2.1
farcaster_core,0.6.4
farcaster_node,0.8.4
farmfe_core,0.0.1
farmhash-ffi,0.1.0
fart,0.4.0
fart-2d-geom,0.4.0
fast-assets,0.1.5
fast-bernoulli,1.0.2
fast-conventional,2.3.4
fast-kd,0.1.1
fast-modulo,0.4.0
fast-rpc,0.3.0
fast-slam,0.5.0
fast_image_resize,2.7.2
fast_paths,0.2.0
fast_poisson,1.0.0
fast_qr,0.8.5
fast_reqwest,0.11.14
fast_rsync,0.2.0
fast_symspell,0.1.7
fastar,0.2.0
fastcmp,1.0.1
fastcrypto,0.1.4
fastdate,0.1.38
fastdl,0.2.0
fasten,0.4.4
faster,0.5.2
faster-beamer,0.1.7
faster-build,0.5.0
faster-fishers,0.1.3
faster-rs,0.11.0
faster_kvs,0.1.0
faster_path,0.0.2
fasters,0.4.0
fastfield_codecs,0.3.1
fastgraph,0.1.21
fasthash-fork,0.4.1
fasthash-sys,0.3.2
fasthash-sys-fork,0.4.2
fastly,0.9.2
fastlz,0.1.0
fastmurmur3,0.1.2
fastpbkdf2,0.1.0
fastping-rs,0.2.3
fastrand,1.9.0
fastsar,0.1.5
fasttext,0.7.6
fastuuid,0.3.0
fastvlq,1.1.1
fastwebsockets,0.4.1
fastwfc,0.1.0
fastwfc-sys,0.1.0
fath,0.1.6
fathom_web3,1.1.0
faunadb,0.1.0-alpha.1
favilla,0.3.0
fawkes-crypto,4.4.0
fawkes-crypto-bellman_ce,0.3.5
fawkes-crypto-pairing_ce,0.18.1
fawkes-crypto-powersoftau,0.2.0
fawkes-crypto-zkbob,4.5.0
fb_procfs,0.6.3
fbas_analyzer,0.7.3
fbleau,0.3.2
fbnc,0.2.10
fbsd-geom-sys,0.1.1
fbxsdk-sys,0.1.0
fccs,0.1.5
fce,0.5.0
fce-module-info-parser,0.1.0
fclones,0.30.0
fcntl,0.1.0
fcomm,0.2.0
fcp,0.2.1
fcp_switching,0.1.0
fcsd,0.2.0
fd-find,8.7.0
fd-passing,0.0.1
fd-queue,1.1.0
fdb,0.3.1
fdeflate,0.3.0
fdns-gamenetworkingsockets-sys,0.3.0
fdringbuf,0.0.2
fe2o3-amqp,0.8.24
fe_session,0.5.0
feature,0.5.1
feature-probe-server-sdk,2.2.0
fedora-update-feedback,2.1.2
feeless,0.1.11
fefast,0.1.0
fefix,0.7.0
feistel_rs,0.1.0
felfel,0.1.1
felix,2.2.7
femark,0.1.3
femtovg,0.6.0
fencryption,0.1.13
fend,1.1.6
fenny,0.2.0
fenris,0.0.27
fenris-geometry,0.0.6
fenris-paradis,0.0.2
fenwick,2.0.1
feo3boy,0.1.0
feos,0.4.3
feos-core,0.4.2
feos-gc-pcsaft,0.1.1
feos-pcsaft,0.2.0
feos-pets,0.1.0
fera-array,0.1.0
fera-ext,0.2.0
fera-graph,0.2.0
fermium,22605.0.0
fern,0.6.2
fern_colored,0.6.1
fernet,0.2.1
feroxbuster,2.9.5
feroxfuzz,1.0.0-rc.8
ferric,0.1.2
ferric-macros,0.1.2
ferrischart,0.1.0
ferrisetw,1.1.0
ferrispot,0.4.0
ferrous-serialport,4.0.2
ferrux_canvas,0.3.2
ferrux_viewport,0.1.2
fervid,0.0.2
fetch-data,0.1.6
fetcher-core,0.13.1
fetish-lib,0.1.1
fever,0.1.5
fez,0.8.1
ff,0.13.0
ff-cl-gen,0.3.0
ff-find,0.24.11
ff-uint,0.2.4
ff_ce,0.14.3
ffav,4.3.12
ffav-sys,4.4.0
fff,0.3.1
fffft,0.4.1
ffi-gen,0.1.13
ffi-support,0.4.4
ffi-toolkit,0.5.0
ffi_helpers,0.3.0
ffi_utils,0.17.0
ffigen,0.0.1
ffix,0.1.0
ffizer,2.10.3
ffizz-passby,0.4.1
ffizz-string,0.4.1
fflazy,0.1.0
ffmpeg-next,6.0.0
ffmpeg-next-crossfix,4.3.4
ffmpeg-rs,5.2.1
ffmpeg-the-third,1.2.2+ffmpeg-6.0
ffmpeg-wasi,0.1.12
ffms2-sys,0.2.0
ffnn,0.1.0
ffsvm,0.9.1
fft4r,0.1.0
ffts,0.1.3
ffts-sys,0.1.3
fftw,0.8.0
fftw-sys,0.8.0
fftw3,0.0.2
ffuzzy,0.1.6
fgen,0.1.0
fgr-rs,0.1.0
fgrok,1.1.0
fhe,0.1.0-beta.4
fhe-math,0.1.0-beta.4
fhe-util,0.1.0-beta.4
fhttp-core,1.6.1
fib-sequence,0.1.0
fibbox,0.1.0
fiber-for-wasmedge,8.0.1
fiberplane-pdk,1.0.0-beta.1
fibers_inotify,0.1.2
fibertools-rs,0.1.4
fibonacii-heap,0.1.2
fibril,0.0.6
fid,0.1.7
fid-rs,0.1.1
fides,3.1.0
fidget,0.1.4
fido-authenticator,0.1.1
fif,0.7.0
fiftyonedegrees,0.2.20
fii-id,1.4.0
fil-blst,0.1.2
fil-ocl,0.19.6
fil-ocl-core,0.11.4
fil-proofs-param,9.0.0
fil-rustacuda,0.1.3
fil-sapling-crypto,0.7.0
fil_actor_bundler,5.0.0
fil_actor_miner,9.0.1
fil_actors_runtime,9.0.1
fil_pasta_curves,0.5.2
filament-bindings,0.2.2
file-guard,0.1.0
file-hashing,0.1.2
file-lock,2.1.9
file-locker,1.1.2
file-map,0.1.1
file-metadata,0.0.3
file-mode,0.1.2
file-owner,0.1.1
file-seq,0.2.0
file2png,0.1.1
file_endec,1.0.1
file_hashmap,0.1.0
file_limit,0.0.2
file_shred,1.1.3
file_type_enum,1.0.1
filebuffer,0.4.0
filecoin-hashers,9.0.0
filecoin-phase2,1.0.1
filecoin-proofs,14.0.0
filedesc,0.6.1
filedescriptor,0.8.2
fileidentifier,0.1.1
filelock,0.3.0
filemagic,0.12.3
filename,0.1.1
filenamegen,0.2.4
filepath,0.1.2
filespooler,1.2.2
filesystem,0.4.4
filesystem-kind,0.2.0
filesystem_in_a_file,0.0.1
filetime,0.2.21
filetype,0.2.0
filmborders,0.0.32
filtration-domination,0.0.1
fin-calc,0.1.0
final-state-rs,0.1.0
finalfrontier,0.9.4
finalfrontier-utils,0.6.2
finalfusion,0.17.2
finality-grandpa,0.16.2
finance_tokenizer,0.1.0
finch,0.6.0
find-real-roots-of-polynomial,0.2.1
find-simdoc,0.1.1
find_mountpoint,1.0.3
find_peaks,0.1.5
finde-rs,0.1.4
finder,0.1.6
findshlibs,0.10.2
findutils,0.4.0
fingerprint,0.0.3
finiteelement,0.3.0
finitefields,0.1.1
finql,0.12.0
fints,0.1.0
fionread,0.1.1
fips-md,0.3.0
fire-crypto,0.3.5
fire-postgres,0.1.9
firebase-js,0.0.1
firebase-types,0.0.1
firebirust,0.4.2
firec,0.2.0
firecore-battle,0.0.9
firecore-pokedex,0.0.9
firecore-tetra,0.0.1
firedancer-sys,0.1.0
firesquare-launcher,0.1.0
firestarter,0.3.2
firetrap,0.1.0
firewheel,0.0.1
firewire-bebob-protocols,0.2.0
firewood,0.0.2
firewood-growth-ring,0.0.2
firewood-libaio,0.0.2
fireworks,1.0.4
firma,0.20.0
firma-cli,0.20.0
first-unique,0.1.0
first_order_logic,0.1.0
fisco-bcos-service,0.4.1
fisher,1.0.0
fitparse,0.1.0
fitsio,0.21.2
fitsio-sys,0.5.2
fitsio-sys-bindgen,0.0.6
fix_float,0.1.4
fixed-codec-derive,0.1.0
fixed-hash,0.8.0
fixed_decimal,0.5.3
fixed_free_list,0.2.0
fixed_heap,0.2.0
fixity,0.0.1
fixme-roulette,0.2.1
fixparser,0.1.5
fixred,1.1.3
fixt,0.2.0
fizzy,0.8.0
fj,0.45.0
fkl-wasm,0.4.0
fkl_cli,0.4.0
flacenc,0.1.0
flag-algebra,0.1.12
flakebi-ring,0.16.15
flapigen,0.6.0
flarch,0.7.0
flash_rust_ws,0.4.2
flashbang,0.1.0-prealpha
flashmap,0.1.0
flask,2.0.4
flate2,1.0.26
flate2-crc,0.1.2
flate2-expose,1.0.25
flatgeobuf,3.25.0
flatk,0.5.2
flav-md-engine,0.1.0
flax,0.4.0
flecs,0.1.3
fleetfs,0.2.0
fleetfs_raft,0.6.0
fletcher-simd,0.4.0
flexi_config,0.1.0
flexi_logger,0.25.4
flexible-locks,0.1.0
flexpolyline,0.1.0
bmk_linux,0.2.2
bmp-monochrome,1.0.0
bmp085,0.1.2
bmrng,0.5.2
bn,0.4.3
bn-plus,0.4.4
bn254,0.0.1
bnf,0.5.0
bns,0.1.0
bnum,0.6.0
boa_engine,0.16.0
board-game,0.6.0
body-image-futio,2.2.2
boehm-rs,0.1.2
bofh,0.0.8
bolero,0.9.0
bolero-engine,0.9.0
bolero-generator,0.9.1
bollard,0.14.0
bollard-next,0.14.9
bombs,0.2.1
bonerjams-db,0.0.2
bones_ecs,0.1.0
bonfida-utils,0.3.2
bonjour-sys,0.1.0
bonnibel,2.3.0
bonsaidb,0.4.1
bonsaidb-local,0.4.1
boo-hoo,0.2.0
booklibrs,1.1.9
boole-rs,0.0.1
boolean_expression,0.4.4
boolnetevo,0.4.0
boomerang,0.2.0
boost-rs,0.0.4
boostvoronoi,0.10.3
bootloader_api,0.11.3
bootstrap-ht,0.3.0
bootupd,0.2.9
border,0.0.5
border-core,0.0.5
border-tch-agent,0.0.5
bore,0.4.1
boreal,0.2.0
boring,2.1.0
boringauth,0.9.0
boringssl,0.0.5
boringtun,0.5.2
bot-rs-core,0.4.4
botan,0.10.2
botan-sys,0.10.2
botapi,0.0.22
bottom,0.8.0
bounce,0.6.1
bouncer,1.0.1
bowtie,0.2.2
box-format,0.3.2
box2d-rs,0.0.3
box_intersect_ze,0.1.0
box_stream,0.5.0
boxcar_rpc,0.2.0-alpha2
boxx,0.0.3-beta
boxxy,0.13.1
boys,0.1.0
boytacean,0.8.0
bp-seals,0.10.0
bp3d-fs,1.1.0
bp3d-os,1.0.0-alpha-3
bp7,0.10.5
bpack,0.1.1
bpb,1.1.0
bpf-feature,0.1.1
bpf-linker,0.9.7
bpf-loader-lib,0.1.3
bpf-sys,2.3.0
bpfdeploy-libbpf-sys,1.0.1+v1.0.0
bpfjit,0.1.1
bpfjit-sys,2.1.0
bpht,1.0.0
bplustree,0.1.0
bpx,4.0.0-beta-8.0.2
bq769x0,0.3.1
bra_ket,0.1.3
bracket-random,0.8.7
bracket-terminal,0.8.7
brainfrsck,1.0.4
braintreepayment_graphql,0.1.2
bramble-crypto,0.1.0
bramble-handshake,0.1.0
bramble-qr,0.1.0
bramble-transport,0.1.0
branch_hints,0.2.1
branchy,0.2.1
brb,1.0.10
brb_membership,1.4.1
brchd,0.1.0
brcode,1.4.2
breadx,3.1.0
break-time,0.1.2
break_infinity,0.3.0
breakpoint,0.1.0
breezy-osutils,0.1.0
breezy-timer,1.0.0
bridge-deck,0.1.1
brids,0.4.0
briliang_exercise,0.1.0
brio,0.2.0
brioche-ducc,0.1.2-brioche
brioche-ducc-sys,0.1.2-brioche
brod,0.1.3
broker-tokio,0.2.16
bromine,0.21.0
bronze_gc,0.2.1
bronzedb-util,0.1.0
broom,0.3.2
broot,1.21.3
brotli,3.3.4
brotli-decompressor,2.3.4
brotli-no-stdlib,1.0.4
brotli2,0.3.2
brotlic,0.8.1
browseraft,0.1.2
browserslist-rs,0.12.3
broxus-util,0.2.2
brpc-rs,0.1.0
brr,0.0.21
brrr,0.3.1
brunhild,0.6.1
brute-force,0.2.0
brutemoji,0.5.0
brutils,0.1.51
bs1770,1.0.0
bsd_auth,0.3.1
bsd_auth-sys,0.0.7
bson,2.6.1
bson2,2.0.3
bsonrs,0.2.4
bsor,0.3.0
bsp-pathfinding,0.3.2
bst,0.0.1
bsv-wasm,1.3.4
btc-transaction-utils,0.9.0
btfs,0.0.4
btle,0.1.4
btleplug,0.10.5
btor2tools,1.1.0
btrd,0.5.2
btree-slab,0.5.1
btree_monstousity,0.0.4
btree_monstrousity,0.0.4
btreec,0.3.0
btreemap_monstousity,0.0.1
buche,0.7.0
bucket,1.0.0
bucket_queue,2.0.0
bucket_vec,0.8.0
buddy-alloc,0.5.1
buddy_system_allocator,0.9.0
buffer_sv2,0.1.1
buffered-reader,1.1.4
buffett-core,0.1.1
bufkit-data,0.22.1
bufrng,1.0.2
bugreport,0.5.0
bugsalot,0.2.2
bugsnag,0.2.1
build-info-build,0.0.31
build-parallel,0.1.2
build_id,0.2.1
build_uuid,0.3.0
buildchain,0.4.12
buildid,1.0.2
building_blocks_partition,0.2.1
building_blocks_storage,0.7.1
buildkit-frontend,0.3.0
buildkite-jobify,0.7.0
buildkite-test-collector,0.1.1
built,0.6.0
bulk,0.4.9
bulk_examples_generator,0.1.0
bulletinboard,0.5.3
bulletproof,0.2.0
bulletproofs,4.0.0
bullshit-rs,0.2.0
bumblebee,0.1.1
bump,0.0.0
bump_alloc,0.1.0
bumpalo,3.12.1
bumpslab,0.2.0
bundle,0.1.0
bundled-crypto,0.2.0
bundlr-sdk,0.3.0
bundy,0.1.2
bunnyhop,0.2.0
bunyan_view,0.3.3
buongiornissimo-rs,0.2.0
buongiorno-caffe-bot,0.2.1
bup,0.1.5
bupstash,0.12.0
burble,0.2.2
burble-fs,0.2.2
burn-common,0.6.0
burn-core,0.6.0
burn-dataset,0.6.0
burn-ndarray,0.6.0
burn-tch,0.6.0
burn-tensor,0.6.0
burnout-detector,0.3.1
bus_queue,0.5.3
bustd,0.1.1
busycrate,0.1.0
butane,0.5.1
butido,0.3.0
butlerd,0.1.2
buttercup-crypto,0.4.2
butterfly-fuzz,0.2.2
buttons,0.4.0
buttplug,7.0.2
bva,0.1.1
bvh,0.7.2
bvh_anim,0.4.0
bvm_filter,1.0.0
bvrs,0.1.1
bwapi_wrapper,0.3.2
bwt,0.2.4
byregot,0.2.0
byte-sequence,0.2.2
byte_marks,0.1.11
byte_set,0.1.3
bytebraise,0.1.3
bytecount,0.6.3
bytekey,0.4.2
bytekey-fix,0.5.1
bytekey2,0.4.3
byteorder,1.4.3
byteorder-sgx,0.0.1
byteorder_async,1.2.0
byteorder_core_io,0.5.3
byteplug,0.0.1
bytes,1.4.0
bytesio,0.2.0
bytestream-rs,0.4.1
bytie,0.1.0
byztime,2.0.0
byztimed,2.0.1
bzb_execution_layer,0.0.1
bzip2,0.4.4
bzip3,0.5.0
bzte,0.1.1
bztree,0.2.0
c-ares,7.6.0
c-closures,0.3.1
c-ffi,0.4.6
c2-logs,0.1.2
c255b3,0.0.2
c2pa,0.21.0
c2rust-refactor,0.15.0
c2rust-transpile,0.17.0
c3_sdk,0.1.0
c3p0,0.67.0
c3p0_json,0.8.2
c3p0_migrate,0.11.0
c99,1.0.0
c_mcai_worker_sdk,1.0.0-rc1
c_str_macro,1.0.3
c_string,0.7.2
c_vec,2.0.0
ca_injector,0.1.2
cab,0.4.1
cablecrab,0.1.1
cabocha,0.2.0
caca,0.1.0
cacao,0.3.2
cache_store,0.2.7
cached-path,0.6.1
cachedb,0.8.2
cachemap2,0.2.0
cachepot,0.1.0-rc.1
caches,0.2.3
cadical,0.1.14
caelum-diddoc,0.1.3
caelum-vcdm,0.2.0
caesarlib,0.2.0
caffe,0.1.0
caffeinate2,0.5.0
cage,0.3.6
cairn-knowledge-graph,0.4.2
cairo-rs,0.17.0
cairo-rs-colors,0.15.0
cairo-take_until_unbalanced,0.24.2-rc1
cairo-vm,0.3.0-rc1
caisin,0.1.57
caith,4.2.3
cakerabbit-core,0.1.3
calc_rational,0.4.0
calcify,0.8.2
calco,0.1.0
caldera-audio,0.0.0
calendar_queue,0.0.1
calliper,0.1.4
callisp,0.2.1
calloop,0.10.5
cambrian,0.2.2
cameleon-device,0.1.10
camelliakv,1.0.0
caminos-lib,0.5.4
campmaster-constantine,0.2.1
can_aerospace_lite,0.1.3
canadensis,0.3.0
candid,0.9.0-beta.3
candidate,0.0.5
cannyls,0.10.0
canonical-form,0.10.0
canparse,0.1.4
cantact-driver,0.1.2
canutils,1.0.0
cao,0.1.2
caoe,0.1.2
cap-primitives,1.0.14
cap-tempfile,1.0.14
capacitor_bindings,0.5.1
capctl,0.2.2
capng,0.2.3
capo,0.0.1
caps,0.5.5
capsicum,0.2.0
capstone,0.11.0
capstone3,0.1.0
capstone_rust,0.2.3
capsule,0.1.5
capsule-ffi,0.1.5
captcha,0.0.9
captcha-rs,0.2.8
captcha_rust,0.1.3
capture-stdio,0.1.1
capwriter,0.2.0
caracat,1.0.0
caramel-client,1.0.0
carbide_core,0.70.1
carbon-cli,1.3.0
carboxyl,0.2.1
card,0.1.0
card_deck,0.1.9
cardano-multiplatform-lib,3.1.3
cardano-serialization-lib,11.4.1-beta.1
cardgames,0.2.3
cardpack,0.4.17
cards,1.1.2
cargo,0.70.1
cargo-benchcmp,0.4.4
cargo-bisect-rustc,0.6.6
cargo-bitbake,0.3.16
cargo-build-dist,0.1.0
cargo-bundle,0.6.0
cargo-cache,0.8.3
cargo-changelog,0.1.0
cargo-compete,0.10.4
cargo-contribute,0.2.2
cargo-cov,0.0.5
cargo-crate-api,0.0.1
cargo-create,0.3.1
cargo-crev,0.24.0
cargo-criterion,1.1.0
cargo-cvm,0.5.9
cargo-debug,0.3.0
cargo-deny,0.13.9
cargo-doc2readme,0.2.4
cargo-edit,0.11.9
cargo-edit-9,0.9.3
cargo-edit-locally,0.1.3
cargo-equip,0.19.0
cargo-eval,0.1.0
cargo-extras,0.3.0
cargo-fetcher,0.13.1
cargo-flaky,0.3.1
cargo-generate,0.18.2
cargo-go,0.4.4
cargo-gra,0.6.0
cargo-hack,0.5.28
cargo-hatch,0.4.1
cargo-hongg,0.54.4
cargo-http-registry,0.1.5
cargo-incremental,0.1.23
cargo-kconfig,0.1.1
cargo-limit,0.0.10
cargo-local-registry,0.2.3
cargo-luban,0.3.1
cargo-make,0.36.7
cargo-minimal-versions,0.1.12
cargo-mommy,0.1.1
cargo-monorepo,0.2.0
cargo-mutagen,0.1.2
cargo-mutants,1.2.3
cargo-no-dev-deps,0.2.2
cargo-partisia-contract,1.20.0
cargo-pgo,0.2.4
cargo-play,0.5.1
cargo-quickfix,0.0.0
cargo-rdme,1.4.0
cargo-registry,0.2.1
cargo-release,0.24.10
cargo-scaffold,0.8.9
cargo-scout-lib,0.6.0
cargo-script,0.2.8
cargo-script-mvs,0.2.0
cargo-scripter,0.2.12
cargo-semver-checks,0.20.0
cargo-semverver,0.34.0
cargo-service-message,0.1.8
cargo-shuttle,0.15.0
cargo-subgraph,0.1.0
cargo-sync-rdme,0.3.0
cargo-tarpaulin,0.25.2
cargo-temp,0.2.16
cargo-tools,0.1.0
cargo-unleash,1.0.0-alpha.dev
cargo-update,13.0.1
cargo-util,0.2.3
cargo-vendor,0.1.23
cargo-vendor-filterer,0.5.9
cargo-vet,0.6.1
cargo-watch,8.4.0
cargo-web,0.6.26
cargo-workspaces,0.2.37
cargo-ws-manage,0.2.0
cargo_bullhorn,0.3.0
cargo_crates-io_docs-rs_test,0.5.0
cargo_crates-io_docs-rs_test2,0.1.1
caring,0.3.0
caro,0.7.1
carp,0.1.0
carrier,0.12.2
cart-cache,0.1.6
cart-tmp-gmem,0.1.0
cart-tmp-wgc,0.1.0
cart-tmp-wgpu,0.1.0
cart-tmp-winit,0.22.2
cart_container,0.1.7
carton_shell,0.1.0
cartunes,0.3.0
cascara,0.1.1
caseconv,0.1.0
cashaccount-sys,0.1.1
cashweb-bitcoin,0.1.0-alpha.4
cbfmt,0.2.0
cashweb-secp256k1,0.19.1
cashweb-secp256k1-sys,0.3.1
cask,0.7.1
cask-cli,0.2.0
caspaxos-kv,0.2.2
casper-client,1.5.1
casper-contract,1.4.4
casper-engine-test-support,3.1.1
casper-event-standard,0.2.0
casper-execution-engine,3.1.1
casper-node,1.4.15
casper-types,2.0.0
casper-wasm-utils,1.0.0
casperfpga,0.1.0
cassandra,0.8.1
cassandra-cpp,2.0.0
cassandra-proto,0.1.2
cat-fax,0.5.0
cat_solver,0.1.0
catboost-rs,0.1.8
catboost-sys,0.1.6
catboost2,0.1.1+catboost.1.0.5
catdog,0.1.0
catfs,0.8.0
catinator,1.6.4
catj,0.2.0
catsploit_lib,0.1.0
cattlerustler,0.2.2
causal-hub,0.1.2
causal-length,0.2.0
cavalier_contours_ffi,0.2.0
cavint,1.0.4
cbdr,0.2.4
cbe-metrics,1.15.0
cbe-program,1.15.0
cbe-program-runtime,1.15.0
cbe-sdk,1.15.0
cbe_rbpf,0.2.38
cblas-src,0.1.3
cbm,0.1.0
cbor,0.4.1
cbor-codec,0.7.1
cbor-data,0.8.15
cbor-tag-index,0.3.0
cbordata,0.6.0
cborian,0.9.2
cbqn,0.0.8
cbqn-sys,0.2.0
cbrzn-ethers-core,1.0.2
cbs,0.1.0
cbuffer,0.3.1
cc,1.0.79
cc1101-rust,0.2.1
ccclog,0.4.0
ccdb,1.6.1
ccgeom,0.1.0
ccl,5.1.5
ccl-crossbeam-epoch,0.7.4
cclang,0.4.0
ccsds_primary_header,0.15.0
cdasim,0.2.1
cdb,0.6.0
cdbc-mysql,0.1.22
cdbc-pg,0.1.22
cdbc-sqlite,0.1.23
cdbd,0.1.1
cdchunking,1.0.1
cddl,0.9.1
cde,0.3.7
cdns-rs,0.2.2
cdrs,4.0.0-beta.1
cdrs-tokio,8.1.0
cdrs_temp,0.1.0
cdshealpix,0.6.4
cdt,0.1.0
cdx,0.1.21
cec-rs,7.0.0
cedar,0.1.1
cedarwood,0.4.6
celery,0.5.3
cellar-core,0.7.2
cellar-pkcs8,0.1.0
cellular,0.1.2
cellular_maps,1.1.0
cellular_raza,0.0.3
celtic-names,1.0.1
cemtexer,0.1.3
centaurs,0.2.0
centoria,0.1.1
ceph,3.2.5
cepler,0.7.13
ceramic,0.3.0
cerbero,0.0.20
cereal_lib,2.1.1
ceres-solver,0.2.1
ceres-solver-sys,0.2.1
cerk_port_mqtt,0.2.11
cernan,0.9.0
cert-manager,0.0.9
certitude,1.1.0
certreplace,0.1.2
cervine,0.0.6
cervo-core,0.4.0
cesride,0.6.0
cess-fr32,0.1.0
cess-hashers,0.1.0
cess-proofs,0.1.2
cess-sha2raw,0.1.0
cess-sp-core,0.1.2
cess-sp-porep,0.1.2
cess-sp-post,0.1.2
cesu8str,0.2.4
cetkaik_full_state_transition,1.3.1
cetkaik_random_play,0.1.4
cf-daemonize,0.3.0
cf-reqwest,0.11.16
cfb,0.7.3
cffi,0.1.7
cfg-if,1.0.0
cfgmap,0.4.0
cfile,0.5.1
cfonts,1.1.0
cfor,1.1.0
cfr,0.4.0
cfrp,0.0.4
cg-game-server,1.0.2
cg-sys,0.1.0
cgc,0.4.0
cgc-single-threaded,0.1.1
cge,0.1.1
cgisf_lib,0.2.1
cglue,0.2.12
cgmath,0.18.0
cgns-sys,0.2.1
cgroup-sys,0.1.1
cgroupfs,0.6.3
cgroups,0.1.0
cgroups-rs,0.3.2
ch347_rs,0.2.1
chacha20stream,2.2.1
chainblocks,0.1.0
chainbuf,0.1.0
chaindexer,0.1.1
chainhook-event-observer,1.0.7
chainkov,1.1.3
chainlib,0.1.1
chainseeker-server,3.0.1
chainstate,0.2.0
chakracore,0.2.0
chakracore-sys,0.2.3
challenge-bypass-ristretto,1.0.1
chan,0.1.23
changeforest,0.7.2
changelog,0.3.4
changepoint,0.13.1
channels,0.6.7
chaos,0.9.5
char-device,0.16.1
character-snippets,1.0.1
chargrid_ansi_terminal,0.4.0
chasm-rs,0.1.0
chatora-errno,1.0.2
chazi,0.1.2
chbs,0.1.1
chd-capi,0.1.5
check-buddy-core,0.1.0
check-if-email-exists,0.9.0
checkers,0.6.3
checkpwn,0.5.6
checkpwn_lib,0.2.1
checksums,0.9.1
chef_api,0.2.0
chemfiles,0.10.3
chess,3.2.0
chess-move-gen,0.8.2
cheval,0.2.0-alpha
chewing-sys,0.2.5
chfft,0.3.4
chia,0.2.7
chia-protocol,0.2.7
chibi-scheme,0.1.0
chibi-scheme-rs,0.1.0
chibi-scheme-sys,0.1.0
chicon,0.1.4
chillwm,0.1.1
chim,1.1.2
chimera,0.1.0
chinese-ner,0.2.4
chip,0.0.6
chip8-rs,0.1.1
chip8_emu,0.1.0
chip8_vm,0.4.0
chip_8,0.3.1
chip_8_cpu_emulator,0.1.0
chip_lox,0.2.0
chip_lox_ide,0.2.0
chip_lox_lang,0.2.0
chiploxide,0.2.0
chipmunk-backend,1.0.0
chipmunk-rs,0.1.1
chipo,2.1.0
chiral-apps,0.1.3
chiral-common,0.1.3
chiral-computing-unit,0.1.2
chiral-data,0.1.2
chiral-db,0.2.1
chiral-db-sources,0.2.0
chisel-decoders,1.0.6
chisel-json,0.1.18
chisel-stringtable,0.1.6
chit,0.1.15
chitchat,0.5.0
chiter,0.4.3
chlorate,0.1.6
chmlib,1.0.0
chmlib-sys,1.0.0
chobitlibs,0.5.1
chopstick,1.0.0
chord-composer,0.3.1
chore,0.1.0
chris,0.3.4
chroma-rust,0.1.6
chromaprint-rust,0.1.3
chrome-remote-interface-model-tools,0.1.0-alpha.8
chromosome,0.0.7
chrono,0.4.24
chrono-intervals,0.3.0
chrono-wasi,0.4.11
chrono-wasi07,0.4.10
chronofold,0.4.0
chttp,0.5.5
chumsky,1.0.0-alpha.3
chunk_store,0.4.1
chunky-bits,0.2.0
chwp,1.194.0
ciborium,0.2.0
cicada,0.9.36
cid,0.10.1
cifar-ten,0.5.1
cifar_10_loader,0.2.0
cifra,0.9.3+post3
ciid,0.2.0
cilk,0.2.1
ciph,0.1.0
ciphercore-base,0.2.0
cipherstash-client,0.6.0
cipherstash-core,0.1.1
cipherstash-grpc-web-client,0.1.2
cir,0.1.2
circbuf,0.2.0
circle-packer,0.1.0
circle_boundary,0.1.19
circus_buggify,0.1.0
circus_simulation,0.0.1
circus_test,0.1.0
cirilica,0.10.0
ciruela,0.6.12
cisat,0.2.2
cita-logger,0.1.2
cita-snappy,0.1.0
cita_trie,4.0.0
citadel_crypt,0.5.0
citadel_pqcrypto,0.5.0
citadel_proto,0.5.0
citadel_sdk,0.5.0
citadel_user,0.5.0
citadel_wire,0.5.0
citi,0.2.0
citra-scripting,0.1.1
citron,0.15.0
city2ba,1.1.0
cityhash,0.1.1
cityhash-sys,1.0.5
civet,0.12.0-alpha.5
ckb-app-config,0.109.0
ckb-blst,0.3.4
ckb-capsule,0.9.2
ckb-cli,1.4.0
ckb-crypto,0.109.0
ckb-db,0.109.0
ckb-dyn-lock,0.1.10
ckb-hash,0.109.0
ckb-indexer,0.109.0
ckb-librocksdb-sys,7.7.3
ckb-logger-service,0.109.0
ckb-merkle-mountain-range,0.5.2
ckb-network,0.109.0
ckb-rocksdb,0.19.0
ckb-sdk,2.5.0
ckb-sentry,0.21.0
ckb-sentry-backtrace,0.21.0
ckb-sentry-core,0.21.0
ckb-signer,0.4.0
ckb-standalone-debugger,0.20.0-rc5
ckb-system-scripts,0.5.4
ckb-testtool,0.9.0
ckb-tx-pool,0.109.0
ckb-vm,0.24.0-beta
ckb-vm-contrib,0.3.0
ckey,0.4.1
cks_accumulator,0.1.2
cl3,0.9.1
claim-ip,1.1.1
clamav,0.4.0
clamav-rs,0.5.5
clang,2.0.0
clang-sys,1.6.1
clang-sys-linkage,1.0.0
clanker,0.7.0
clap-digest,0.3.0
clap-v3,3.0.0-beta.1
clap2,4.1.8
clap_builder,4.2.7
clarabel,0.5.0
clarifai_grpc,8.0.0
clarity,1.1.0
clarity-repl,1.5.0
clarity-vm,2.0.2
clashctl,0.3.2
class_group,0.6.1
class_group_0_5_2,0.5.2
classgroup,0.1.0
classic-mceliece-rust,2.0.2
classic_bpf,0.1.1
classic_crypto,0.2.0
classic_terraswap,2.6.1
classifier-measures,0.4.3
classify,0.2.2
classygroup,0.0.5
clblast,0.1.4
cld2,1.0.2
cld2-sys,1.0.2
clean_cli,0.1.2
clean_git_history_lib,0.2.0
clear-coat,0.0.3
clear_on_drop,0.2.5
clearscreen,2.0.1
clearshell,0.0.1-alpha-2
cleverhouse-by-akrutikov,0.1.8
clf,0.1.7
clfft,0.3.3
clhash_rs,0.1.0
cli-batteries,0.5.0
cli-clipboard,0.4.0
cli-diary,0.7.0
cli_2048,0.2.0
cli_lib,1.25.2
clia-rcproxy,2.2.1
clia-turn,0.6.2
click,0.6.2
clickhouse,0.11.3
clickhouse-driver,0.1.0-alpha.3
clickhouse-driver-cth,0.1.0
clickhouse-driver-cthrs,0.1.1
clickhouse-driver-lz4,0.1.0
clickhouse-readonly,0.1.2
clickhouse-rs,1.0.0-alpha.1
clickhouse-rs-cityhash-sys,0.1.2
clickhouse-srv,0.3.1
cline,0.1.0
clingo,0.7.2
clint,0.3.0
clinte,2.1.4
clio,0.2.7
clipboard,0.5.0
clipboard-sync,0.1.0
clipboard-win,4.5.0
clipboard-win-html,0.1.2
clipivot,0.3.5
clipper-sys,0.7.2
clippers,0.1.2
clircle,0.3.0
cliws,0.4.0
clmm,0.2.4
clmm-common,0.1.39
clobber,0.3.0
clocked-dispatch,4.0.2
clockkit-sys,0.1.1
clockpro-cache,0.1.11
clocksource,0.6.0
clone-file,0.1.0
clone3,0.2.3
close-err,1.0.2
close-file,0.1.0
close_fds,0.3.2
closefds,0.1.0
cloth_bumpmap,0.1.6
cloud-storage,0.11.1
cloud-storage-rs,0.4.3
cloud-util,0.6.2
cloudburst,0.0.3
cloudevents-sdk,0.7.0
cloudevents-sdk-rdkafka,0.3.1
cloudflare-soos,2.2.0
cloudflare-zlib,0.2.9
cloudflare-zlib-sys,0.3.0
cloudfront_sign,0.2.1
cloudproof_cover_crypt,11.0.1
cloudproof_fpe,0.1.0
cloudwatch-logs-upload,0.6.1
cloyster,0.1.0-alpha.0
clsag,0.3.0
clt,0.0.6
cluFlock,1.2.7
clustering,0.1.0
clutter-rs,0.1.2
cluuname,0.1.9
clvm_rs,0.1.17
clvm_tools_rs,0.1.31
clvmr,0.2.4
clvmr_chinilla,0.2.0
cmaes,0.2.1
cmap,0.3.0
cmark-gfm-sys,0.29.0
cmb-logger,0.1.1
cmd-minesweeper,0.1.3
cmd_cache,0.1.1
cmsis_dsp_sys_pregenerated,0.1.0
cnetworks,0.7.0
cnf,0.2.0
cnnks,0.1.1
cnpj,0.2.2
cnproc,0.2.1
cnsprcy,0.2.0
cntk,0.2.1
cntr,1.5.1
cntr-fuse,0.4.1
cntr-nix,0.11.3-pre1
cnx-contrib,0.1.0
co_sort,0.2.0
coaly,0.1.1
coap-server,0.1.1
coarsetime,0.1.23
coaster,0.2.0
coaster-nn,0.5.0
cobalt,0.22.0
cobalt-aws,0.10.0
cobalt-s3-archiver,0.2.0
cobench,0.1.0
cobyla,0.3.2
coc-rs,0.8.1
coca,0.3.0
cocaine,0.9.2
coco,0.3.4
cocoa,0.24.1
cocoa-foundation,0.1.1
cocoa_image,1.0.5
cocogitto,5.3.1
coconut_sig,0.2.2
cocoon,0.3.2
cocotools,0.0.3
code-blocks,0.3.0
code-blocks-server,0.6.0
code-hasher,0.1.0
code-lines,0.1.3
codealong,0.1.1
codealong-github,0.1.1
codebase,0.11.0
codec2-sys,1.0.0
codectrl,1.0.1
coded,0.1.0
codeforces-api,0.3.4
codeframe,0.1.6
codenano,0.5.1
codephrases,0.0.1
codesign-verify,0.1.2
codex-git,0.1.1
codice_fiscale_rs,0.1.3
coerce,0.8.8
coffee,0.4.1
cogl-rs,0.1.4
cognitive-exhibitor,0.1.0
cognitive-qualia,0.1.0
cognitive-services-speech-sdk-rs,0.2.2
cognito_srp,0.1.2
cogo,0.1.36
cogo-http,0.1.13
cogo-redis,0.1.0
cogs-gamedev,0.8.0
cogset,0.2.0
coin_cbc,0.1.7
coin_cbc_sys,0.1.2
coin_toss,0.2.0
coinbase_pro,0.1.1
coinit,0.1.12
coins-bip39,0.8.6
coins-ledger,0.8.3
coitrees,0.2.1
colink,0.3.8
coliseum,0.1.0
collect,0.0.26
collectd-plugin,0.14.0
collection,0.1.1
collenchyma,0.0.8
collenchyma-blas,0.2.0
collenchyma-nn,0.3.4
collide_tree,0.1.1
collision,0.20.1
colloquy,0.1.4
color-art,0.2.11
color-eyre,0.6.2
color-eyre-attach-report,0.6.2
color-rs,0.7.1
color_hash,0.1.0
colormap,0.0.2
colorskill,1.1.3
colorspace,0.1.0
colortypes,0.6.2
colourado,0.2.0
com-rs,0.2.1
combid,0.6.1
comet-eventbus,0.1.0-pre-alpha.4
comet-rs,0.1.1-rc3
comfy-table,6.1.4
command-executor,0.0.4-alpha
command-fds,0.2.2
command-group,2.1.0
commandspec,0.12.2
commcid,0.1.1
commit-email,0.2.0
commit_artist,1.0.1
commit_verify,0.10.0
commitlog,0.2.0
committed,1.0.17
common-crypto,0.3.0
common-multipart-rfc7578,0.6.0
common-path,1.0.0
common-types,0.1.0
common_messages_sv2,0.1.5
commoncrypto,0.2.0
commoncrypto-sys,0.2.0
commune,0.0.2
comp_state_seed_extras,0.0.10
compact_jwt,0.2.9
compacts,0.9.0
compacts-bits,0.2.1
companion-service,0.1.0
competitive-programming-rs,41.0.0
compiler-builtins-snapshot,0.1.20170127+764557f0b669bb0e28817c5ae70c9d718685e35a
compiler-course-helper,0.1.0
compiler_base_parallel,0.0.2
compiletest_rs,0.10.1
components-arena,3.5.1
composable-allocators,0.2.6
compound_factor_iter,0.1.1
compress,0.2.1
compress-tools,0.14.1
compress_io,0.5.0
compressed_map,0.1.0
compressed_set,0.1.0
compressed_vec,0.1.0
compression,0.1.5
comprez,0.2.7
compu,1.0.0-rc.4
comtrya-lib,0.8.3
con-art-rust,0.2.0
conc,0.5.0
concache,0.2.1
concatsql,0.5.1
conch-runtime,0.1.6
conch-runtime-pshaw,0.1.6
concision,0.1.11
concordium-cis2,3.0.0
concordium-contracts-common,5.3.1
concordium-rust-sdk,2.3.0
concordium-smart-contract-engine,1.1.0
concordium-std,6.1.1
concordium_base,1.1.1
concread,0.4.1
concrete-boolean,0.2.1
concrete-core,1.0.2
concrete-core-experimental,1.0.0-beta
concrete-csprng,0.3.0
concrete-fft,0.2.1
concrete-fftw,0.1.4
concrete-fftw-sys,0.1.4
concrete-integer,0.1.1
concrete-ntt,0.1.0
concrete-shortint,0.1.1
concrete_lib,0.1.5
concurrency_traits,0.7.2
concurrent,0.2.2
concurrent-event,0.1.0
concurrent-hash-map,0.0.6
concurrent-hashmap,0.2.2
concurrent-map,5.0.19
concurrent-queue,2.2.0
concurrent_lru,0.2.0
condest,0.2.1
condor,0.1.6
condow_core,0.19.0-alpha.3
condtype,1.1.0
condure,1.9.2
conec,0.2.0
confab,0.1.0-alpha
confidential_identity_core,1.1.2
confidential_identity_v1,1.1.2
confidential_identity_v2,2.1.2
config-better,0.1.0
confined_encoding,0.9.0-alpha.5
confit,1.3.2
confitul,0.1.4
confium,0.1.2
conflag,0.1.1
conflictdb,0.1.0
conflidb,0.1.0
congee,0.2.18
congruence,0.4.0
coniferous,0.2.1
conjecture,0.7.0
conjure-runtime,4.4.0
connect4-lib,0.1.0
connect4-server,0.1.0
connected_socket,0.0.6
connectorx,0.3.1
connectr,1.1.2
conpty,0.5.1
conquer-util,0.3.0
conreg,0.1.0
conrod_floatwin,0.0.2
consecutive-vecmap,0.1.1
conserve,23.1.1
consistent_hashing,0.5.0
consistenttime,0.2.0
console,0.15.5
console_engine,2.6.0
console_error_panic_hook,0.1.7
consprob-trained,0.1.10
const-crc32,1.2.0
const-cstr-fork,0.2.2
const-decoder,0.3.0
const-sort,0.1.1
const_base,0.2.0
const_panic,0.2.8
const_sort_rs,0.3.3
constdb,0.4.1
constellation-internal,0.2.0-alpha.2
constellation-rs,0.2.0-alpha.2
constrained,0.1.0
constriction,0.3.0
consul,0.4.2
consul-rs,0.1.14
contack,0.9.2
contact,0.4.2
contact-tracing,0.2.1
contained,0.1.4
containerd-runc-shim,0.1.1
containerd-shim,0.3.0
containerd-shim-protos,0.3.0
containerd-shim-wasm,0.1.2
containers,0.9.13
containers-api,0.8.0
containers-api-conn,0.2.0
containers-image-proxy,0.5.3
content,0.6.0
content-tree,0.2.0
context,3.0.0
context-allocator,0.2.3
context_bind,0.0.2
contract-build,2.2.1
contrafact,0.1.0-dev.1
contrail,0.3.0
contrie,0.1.4
conundrum,0.1.0
convchain,0.2.1
convco,0.4.0
convenient-skiplist,1.0.3
conventional_commits_linter_lib,0.4.2
conventional_commits_next_version_lib,0.3.0
convert_case,0.6.0
convex,0.1.1
convex_sync_types,0.1.1
convey,0.2.0
convolician,0.1.0
conway,0.3.0
conways_game_of_life_lib_rust,0.1.2
cookie,0.17.0
cookie-hashed-domain,0.16.0-rc.1
cookiecutter,0.1.0
cool-id-generator,1.0.1
cool_faces,0.1.4
cooler_master_sdk,0.1.3
coolor,0.5.1
coolprop-rs,0.2.0
coolq-sdk-rust,0.1.21
cooptex,0.2.1
coord_2d,0.3.6
coordgen,0.2.2
coordinates,0.3.0
copernica-packets,0.1.0
copiepate,0.2.2
copperline,0.3.0
coppers,0.1.1
copra,0.1.1
copse,0.4.1
coqui-stt-sys,1.3.1
corda-rpc,0.2.0
cordyceps,0.3.1
core-dev,0.0.1
core-foundation,0.9.3
core-foundation-sys,0.8.4
core-graphics,0.22.3
core-midi,0.1.1
core-mqtt-agent,0.1.1
core-mqtt-sys,0.1.1
core-nightly,2015.1.7
core-text,19.2.0
core-video-sys,0.1.4
core_affinity,0.8.0
core_arch,0.1.5
core_bluetooth,0.1.0
core_cbc_casper,0.1.0
core_collections,0.3.20170409
core_rustc-serialize,0.3.20-v0.3.19patch1
coredb-controller,0.0.1-alpha.1
coredb-operator,0.0.1
coredump,0.1.2
coremedia-sys,0.0.2
coremidi,0.7.0
coremidi-sys,3.1.0
coreos-installer,0.17.0
coreos-metadata,3.1.2
coresimd,0.1.2
coreutils,0.0.18
corewlan-sys,0.1.0
corgi,0.9.9
cornerstore,0.1.0
cornfig,0.3.0
corona,0.4.3
corosensei,0.1.3
coroutine,0.8.0
coroutines,0.2.0
corsairmi,2.0.0
cortex-m,0.7.7
cortex-m-async,0.1.0
cortex-m-interrupt,0.2.0
cortex-m-rt,0.7.3
cortex-m-rtfm,0.5.3
cortex-m-rtic,1.1.4
corundum,0.4.1
cosine-lsh,0.1.1
cosmian_abe_gpsw,2.0.3
cosmian_crypto_base,2.1.2
cosmian_ffi,1.0.1
cosmian_ffi_utils,0.1.0
cosmian_findex,2.0.2
cosmian_fpe,0.5.2
cosmian_kyber,0.1.0
cosmic-hyperspace,0.3.6
cosmic-hyperverse,0.3.0
cosmic-registry-postgres,0.3.6
cosmic-space,0.3.6
cosmology,0.3.2
cosmos_gravity_utils,0.1.0
cosmwasm-simulate,0.13.6
cosmwasm-vm,1.2.5
costoflife,0.3.2
cosyne,0.3.4
cotton,0.1.1
cotton-netif,0.0.4
cotton-ssdp,0.0.2
count-min-sketch,0.1.7
count_sort,0.3.0
counter,0.5.7
coupe,0.1.0
coveralls-api,0.5.0
coverm,0.6.1
covert-storage,0.1.3
covert-types,0.1.3
covert_common,0.1.3
cow,0.0.8
cowbird,0.1.1
cowblock,2.0.0
coyote,0.1.1
coz,0.1.3
coz-temporary,0.1.3
cozal,0.0.2
cozo,0.7.0
cp_sat,0.3.3
cpace,0.1.0
cpal,0.15.2
cpc-bip39,0.1.0
cpchain-rust-sdk,0.1.14
cpclib,0.6.0
cpclib-asm,0.6.0
cpf,0.2.2
cplex-sys,0.9.0
cplus_demangle,0.1.2
cpp_codegen,0.2.0
cpp_core,0.6.0
cpp_new,0.1.0
cpp_std,0.1.1
cpp_to_rust,0.5.3
cpp_to_rust_common,0.2.3
cppm-generator,0.2.0
cppn,0.3.0
cprf,0.1.3
cpu-time,1.0.0
cpucycles,0.2.0
cpucycles-sys,0.1.2
cpufeatures,0.2.7
cpufreq,0.1.6-r1
cpuid,0.1.1
cpulimiter,0.2.0
cpython,0.7.1
cpython-json,0.3.0
cpz,1.1.7
cqdb,0.5.8
cql3-parser,0.3.2
cqlparser,0.1.0
crabmole,0.1.8
crabsformer,2019.3.17
crack,0.1.0
cradle,0.2.2
cram,0.1.2
crame,0.1.1
cramjam,2.4.0
cranefack,0.4.2
cranelift-codegen,0.94.1
cranelift-frontend,0.94.1
cranelift-interpreter,0.94.1
cranelift-jit,0.94.1
cranelift-module,0.94.1
cranelift-native,0.94.1
cranelift-object,0.94.1
cranelift-reader,0.94.1
cranelift-simplejit,0.68.0
cranelift-wasm,0.94.1
cranko,0.15.0
crash-context,0.6.0
crash-handler,0.6.0
cratchit,0.0.4
crate-index,0.1.0
crate-redeem-in-kind,0.6.0
crate-token,0.6.0
crate_creation_to_export_and_beyond,0.1.0
cratedb,1.1.0
crates-index,0.19.8
crates-io-changes,0.1.0
crates-io-cli,4.0.1
cratetorrent,0.1.0
craydate-sys,0.1.3
crayfish,0.0.1
crayon,0.7.1
crc-0x8810,0.1.0
crc32c-hw,0.1.3
crc32fast,1.3.2
crc64fast,1.0.0
crcp,0.3.7
crdt-list,0.4.1
crdt-woot,0.1.0
crdt_tree,0.0.16
crdts,7.3.0
create-roblox-project,0.1.0
create_broken_files,2.0.0
creator-tools,0.4.1
credit,1.4.0
credo,0.8.0
crema-cli,0.1.0
cres,0.4.4
cretrit,0.5.0
crev-data,0.24.0
crev-ed25519-dalek,0.1.2
crev-lib,0.24.0
crew-rs,0.1.0
crfs,0.2.0
crfsuite,0.3.1
cribbage-core,0.1.5
crimp,4087.0.0
crisp-status-reporter,1.4.0
criterion,0.4.0
criterion-plot,0.5.0
critfail,0.3.0
crl,0.1.6
crlibm,0.1.1
crndm,0.1.0
croaring,0.8.1
croaring-mw,0.4.5
cromulent,0.1.1
cromwell,0.1.5
cron_rs,0.1.6
crop,0.3.0
croque,0.5.1
cross,0.2.5
crossbeam,0.8.2
crossbeam-channel,0.5.8
crossbeam-deque,0.8.3
crossbeam-epoch,0.9.14
crossbeam-queue,0.3.8
crossbeam-skiplist,0.1.1
crossbeam-skiplist_piedb,0.8.11
crossbeam-utils,0.8.15
crossbow-android,0.2.3
crossbundle-tools,0.2.3
crossbus,0.0.6-a
crosscurses,0.1.0
crossfire,1.0.0
crossfont,0.5.1
crossterm,0.26.1
crossterm_input,0.5.0
crossterm_terminal,0.3.2
crosvm_data_model,0.1.0-gamma.0
crowbar,0.4.10
crowdstrike-cloudproto,0.3.1
crseo,0.5.0
crseo-sys,0.2.0
crslmnl,0.2.1
crsp-base,0.2.0
crt0stack,0.1.0
crud-api,0.1.2
crud-api-endpoint,0.1.2
cruiser,0.2.0
crumsort,0.1.0
crunchyroll-rs,0.3.5
crust,0.32.1
crustword,0.1.0
crux_core,0.4.0
cry,0.1.5
cry-sys,0.1.0
cryiorust,0.6.0
crymap,1.0.1
crypt-config,0.2.2
crypt4gh,0.4.1
cryptape-sm,0.3.0
cryptenv,0.0.4
crypter,0.1.1
cryptex,1.4.0
cryptic,0.1.1
crypto-cli-tools,1.4.34
crypto-crawler,4.7.9
crypto-ext,9.0.0
crypto-hash,0.3.4
crypto-marysue,0.2.0
crypto-ops,0.1.1
crypto-primes,0.3.0
crypto-seal,0.2.6
crypto-wallet-gen,2.3.0
crypto-wasi,0.1.0
crypto-ws-client,4.12.11
crypto_api_osrandom,0.2.0
crypto_box,0.8.2
crypto_pimitives,0.1.1
cryptoauthlib-sys,0.2.2
cryptoballot,0.4.0
cryptobox,0.1.0
cryptohelpers,2.0.0
cryptoki,0.3.1
cryptoki-sys,0.1.6
cryptomarket,0.1.0
cryptominisat,5.8.0-rust1
cryptonight,0.1.0
cryptonight-rs,0.2.1
cryptonite,0.1.3
cryptonote-account,0.1.4
cryptonote-crypto,0.2.2
cryptonote-raw-crypto,0.5.7
cryptonote-wallet,0.2.0
cryptostream,0.3.2
cryptsetup,0.2.0
cryptsetup-rs,0.3.2
crystal_ball,0.2.0
crystal_packing,0.6.0
crystals-rs,0.0.1
cs-utils,0.21.1
csc411_rpegio,0.4.0
cses-cli,0.1.3
csfml-audio-sys,0.6.0
csfml-graphics-sys,0.6.0
csfml-network-sys,0.2.0
csfml-system-sys,0.6.0
csfml-window-sys,0.6.0
cskk,2.0.0
csml_engine,1.11.2
csml_interpreter,1.11.2
csmlinterpreter,0.3.2
cspice-sys,1.0.3
csr-gen,0.2.0
csrf,0.4.1
cst,0.1.203
cst816s,0.1.4
csv-groupby,0.10.0
csv-txt-excel-parallel-toolkit,0.4.7
csv2svg,0.1.8
csvgen,0.1.1
csvroll,0.1.0
csx64,0.1.2
ct-merkle,0.1.0
ctap_hmac,0.4.5
ctclib-kenlm-sys,0.1.0
ctclient,0.4.5
ctf-packet-relay,0.1.3
ctjs_macros,0.0.2
ctre-sys,5.4.0
ctrlg,0.9.2
ctti,0.2.0
ctty,0.1.0
ctv,0.3.3
cubeb-backend,0.10.3
cubeb-core,0.10.3
cubic_spline,1.0.0
cubing,0.2.2
cublas,0.2.0
cuckoo,0.8.0
cuckoo_filter,0.1.0
cuckoo_miner,0.5.2
cuckoocache,0.1.2
cuckoofilter,0.5.0
cucumber,0.19.1
cuda,0.4.0-pre.2
cuda-cudnn-sys,0.0.1
cuda-driver-sys,0.3.0
cuda-oxide,0.4.0
cuda-runtime-sys,0.3.0-alpha.1
cuda-sys,0.2.0
cuda11-cublasLt-sys,0.3.0
cuda11-cuda-sys,0.2.0
cuda11-cudart-sys,0.3.0
cuda11-cudnn-sys,0.3.0
cuda11-cutensor-sys,0.3.0
cudart,0.1.0
cudd,0.1.4
cudd-sys,1.0.0
cudnn,1.3.1
cue-sdk,0.0.3
cue-sdk-sys,0.0.5
cueball,0.3.5
cueball-manatee-primary-resolver,0.5.1
cueue,0.3.1
cufft_rust,0.6.0
cuid,1.3.1
cuid2,0.1.0
culper,0.3.2
cult,0.0.3
cumulfreqtable,0.1.3
cupchan,0.1.2
cups-sys,0.1.4
curl,0.4.44
curl-easybuilder,0.1.0
curl-p,0.3.0
currant,0.2.8
currency_rs,1.2.0
current_locale,0.1.1
curs,0.1.3
cursed,0.0.1
cursive,0.20.0
cursive_calendar_view,0.8.0
cursive_table_view,0.14.0
cursormatrix,0.4.0
curtain,0.2.0
curv-kzen,0.10.0
curv-lsc,0.1.2
curve25519-dalek,4.0.0-rc.2
curve25519-dalek-fiat,0.1.0
curve25519-dalek-ml,4.0.0
curve25519-dalek-ng,4.1.1
curve25519-dalek-organism,0.0.5
curve25519-entropic,3.2.1
curve25519-parser,0.3.0
custos,0.7.0
cut-optimizer-1d,0.2.2
cut-optimizer-2d,0.4.2
cute-log,2.2.0
cute_print,0.7.0
cuticula,0.2.0
cuttlestore,0.2.1
cv-convert,0.22.0
cvlib,0.1.2
cvode-wrap,0.1.3
cw,0.7.0
cw-storage-plus,1.0.1
cwmp,0.2.2
cxl_rs,0.0.5
cxmr-pubsub,0.0.1
cxmr-ta,0.0.1
cxmr-ta-core,0.1.5
cxx,1.0.94
cxx-build,1.0.94
cxx-juce,0.6.0
cxx-qt-lib,0.5.2
cybergarage,1.1.1
cycle-sort,0.3.0
